resp.id,Age,Gender,Education,subj,Income,politcs
2,3,1,5,2,2,2
3,3,2,5,4,4,2
4,2,2,5,3,2,2
5,4,2,3,4,2,2
6,1,2,3,4,2,1
8,5,2,5,4,1,1
9,2,2,7,3,2,2
13,7,1,5,1,4,3
15,2,2,6,3,4,2
16,5,1,6,3,4,3
18,2,1,5,1,4,3
19,6,1,6,3,3,2
21,1,1,3,3,2,3
23,4,1,2,4,2,1
24,3,1,6,3,1,3
25,2,1,6,3,6,2
26,5,2,6,2,5,2
27,1,2,5,3,6,3
28,5,1,2,4,2,1
29,7,1,3,4,3,3
32,5,2,4,4,3,1
33,4,2,6,2,2,2
34,2,1,3,4,3,2
35,4,1,5,3,5,2
36,3,1,2,4,3,2
38,3,2,5,3,5,2
39,5,2,2,1,2,2
40,2,1,5,2,3,3
41,3,1,3,3,3,2
42,2,1,6,2,5,2
43,7,1,5,1,5,1
44,3,2,2,4,2,2
45,2,2,5,1,3,1
46,2,2,3,1,1,3
49,3,2,6,1,3,1
50,4,1,4,4,1,3
51,2,2,5,3,5,2
53,5,1,8,1,3,2
54,6,2,5,2,4,2
56,2,1,3,2,2,3
57,4,2,5,3,6,2
58,5,1,5,2,3,1
59,2,1,6,4,6,1
60,1,2,5,2,6,1
61,5,1,5,3,2,1
63,2,2,5,2,2,2
65,5,2,5,3,5,2
68,3,2,4,4,2,1
70,1,1,5,1,4,3
71,3,1,5,2,3,2
72,1,1,2,3,1,2
73,3,1,5,3,3,2
74,3,1,5,4,6,2
77,3,1,4,3,1,2
78,2,1,5,3,3,2
79,1,2,5,3,1,2
80,5,1,3,1,2,1
81,5,2,5,3,2,1
82,5,1,4,1,3,2
83,6,2,6,4,2,2
85,1,1,4,3,1,2
86,5,2,2,4,1,1
87,5,1,3,4,1,2
88,5,2,4,4,3,1
89,4,2,4,4,6,3
93,2,2,6,4,1,2
94,5,1,6,3,6,2
95,5,2,4,3,1,1
98,6,2,2,4,1,2
99,1,2,3,2,6,2
100,3,2,3,3,2,2
103,4,2,5,2,6,3
104,4,2,3,4,2,1
105,6,1,3,3,2,2
106,1,2,3,4,2,2
107,5,2,5,4,2,2
110,5,2,5,4,3,2
111,5,1,3,2,2,2
113,2,1,3,3,2,1
114,2,2,5,4,7,3
115,3,2,8,4,4,2
116,3,2,3,4,6,2
117,3,2,5,3,4,2
118,3,1,5,4,3,1
119,5,1,3,1,1,2
121,2,1,4,4,3,2
123,1,2,2,4,3,2
124,3,1,6,2,2,2
125,5,2,3,3,2,1
126,3,1,7,3,3,2
132,6,1,5,4,3,1
135,5,1,4,3,1,2
136,4,2,2,4,3,1
138,1,2,5,3,3,1
139,4,2,6,2,3,2
140,2,1,5,1,4,2
142,3,1,5,3,5,1
143,4,1,5,3,5,3
145,1,1,4,3,2,3
146,6,2,5,4,5,1
147,4,2,3,2,2,1
149,4,2,4,4,3,3
151,3,1,5,1,4,2
152,2,1,5,3,3,2
154,4,1,3,1,2,3
155,7,1,3,2,3,2
156,6,1,5,1,5,2
158,5,2,6,3,5,2
160,5,2,5,3,3,2
163,3,1,3,4,2,2
164,6,1,8,2,3,2
165,5,1,5,1,6,2
166,4,2,3,4,3,3
167,4,2,5,4,2,3
168,4,1,5,2,5,1
169,6,2,4,2,5,2
170,6,2,5,4,2,2
172,3,2,6,1,5,2
173,2,1,5,2,4,1
175,3,1,2,4,2,2
176,3,1,5,4,3,1
178,3,1,6,4,3,2
179,2,1,4,4,2,2
181,4,1,2,4,2,2
183,3,1,2,4,2,2
186,1,1,2,4,3,3
187,2,2,3,2,4,3
188,3,1,3,4,1,2
189,2,2,6,3,3,2
190,3,2,2,4,3,3
191,5,1,5,4,4,3
192,3,1,4,3,2,3
193,2,1,3,4,3,2
195,2,1,2,4,2,1
196,2,2,5,2,2,2
198,6,2,5,2,1,3
199,6,2,8,4,5,1
200,4,2,5,3,3,3
201,5,1,5,3,1,1
202,2,1,2,4,1,1
204,3,2,4,4,4,1
205,3,2,5,4,2,2
206,6,1,4,3,3,1
207,5,2,2,4,5,2
211,5,1,6,3,3,2
213,6,1,6,3,5,2
215,4,1,4,3,3,2
216,4,2,5,4,3,3
217,5,2,2,4,3,2
218,3,2,8,3,4,2
219,1,1,3,4,2,2
220,1,2,3,3,2,2
222,1,1,3,3,1,2
223,3,2,5,2,6,2
225,2,2,5,4,4,3
227,2,2,5,2,4,2
228,4,1,5,2,5,2
229,6,1,5,2,1,2
230,5,2,6,3,7,1
231,4,1,5,3,4,2
232,4,1,5,1,4,1
233,2,1,2,4,5,3
234,1,2,3,1,4,1
235,1,1,2,4,1,2
236,3,1,3,3,3,2
238,6,1,3,4,2,2
239,7,2,6,4,2,3
242,6,2,3,4,2,2
243,2,2,5,4,4,2
245,2,2,6,3,5,2
247,4,1,5,4,3,1
248,5,1,5,3,2,2
249,6,2,5,4,4,1
250,5,1,3,1,3,2
251,1,1,2,1,4,1
252,5,2,2,4,2,2
253,3,1,4,2,3,2
254,7,1,6,3,2,1
255,1,1,5,2,2,3
256,4,1,3,1,4,1
258,3,2,3,3,4,3
259,3,2,3,3,1,1
260,6,2,2,2,2,1
261,5,2,2,1,1,1
262,4,1,3,2,4,2
263,1,2,5,3,2,2
264,5,2,3,2,3,2
265,2,1,2,4,1,2
266,3,2,5,2,4,3
269,2,2,2,4,2,3
270,2,1,2,4,4,2
271,6,2,3,4,2,3
273,3,2,6,1,4,2
274,5,1,2,4,3,1
275,3,2,5,3,3,2
277,3,1,5,1,7,2
278,2,2,6,1,5,2
279,1,1,3,2,1,2
280,5,2,6,2,3,3
281,6,1,3,3,4,3
282,2,2,6,2,3,2
284,5,1,5,4,4,2
286,3,1,4,2,1,2
287,2,2,5,3,6,2
288,5,1,4,2,2,1
289,2,2,5,3,4,2
291,1,1,3,3,4,2
294,4,1,5,3,5,3
295,3,1,3,2,1,2
297,4,1,5,3,5,2
298,5,1,5,1,3,1
299,1,1,5,1,2,2
300,4,1,4,3,4,3
301,6,1,3,4,2,2
302,3,2,3,3,2,3
303,7,2,2,4,2,2
305,5,1,8,2,2,2
306,7,2,7,2,3,2
308,3,2,4,2,4,3
310,5,1,5,1,7,2
311,6,1,6,3,4,2
312,2,1,6,3,5,2
314,5,2,6,2,5,2
315,5,1,5,4,3,2
317,2,2,5,2,1,2
318,5,2,4,4,5,2
319,3,2,4,1,3,1
320,3,2,5,2,5,3
322,5,2,4,4,2,3
323,4,1,4,3,2,2
324,4,2,3,2,1,2
325,1,1,5,3,2,2
327,5,2,4,3,2,2
328,6,2,8,4,4,1
329,6,2,5,1,1,3
331,5,2,5,3,5,1
333,4,1,5,2,2,2
336,3,2,5,4,3,2
337,1,2,2,4,3,3
340,2,2,3,4,3,2
341,6,2,5,4,3,2
342,6,2,2,4,2,1
343,5,2,2,4,1,3
344,1,1,3,3,1,2
345,7,2,5,1,2,1
346,2,2,5,4,3,3
347,2,1,5,3,1,3
348,3,2,3,4,5,1
349,6,2,3,1,2,2
351,2,2,3,3,5,2
352,1,1,3,2,3,2
355,2,2,6,2,1,2
356,4,1,2,4,2,3
358,1,2,3,2,1,2
361,1,1,3,3,2,2
363,1,2,5,3,2,2
364,5,2,8,2,4,2
365,6,2,4,3,4,2
369,1,1,5,3,3,2
370,2,1,3,4,2,3
372,6,2,2,4,1,2
373,5,2,5,4,3,2
375,5,2,5,2,4,3
376,6,1,6,2,3,2
377,4,2,4,4,2,3
378,4,2,5,4,3,2
379,4,1,3,3,1,2
381,5,2,8,3,3,2
386,5,2,5,1,3,2
387,7,1,5,4,4,2
391,5,1,5,1,2,3
393,3,2,6,3,6,1
394,7,1,5,3,1,2
395,5,2,6,2,3,2
396,3,1,6,1,4,2
397,2,1,5,4,5,2
398,4,2,5,3,4,2
