resp.id,policytypeban,policytypesubsidies,policytypetax,cost4,cost9,cost14,cost19,year2025,year2035,year2045,year2055,distance2,distance5,distance10,distance50,orgccc,orgdp,orggreenpeace,orgrp,noneTRUE,noneFALSE,adopters
2,1.296439184,-0.874625833,-0.421813351,6.188921151,1.488029762,-1.494636159,-6.182314753,2.931758888,0.574781704,-0.332001713,-3.174538879,-1.878713489,0.563409053,0.460548443,0.854755993,2.28946641,-0.382807045,2.505443269,-4.412102633,-4.403103722,4.403103722,12.4479314
3,1.083412392,-0.776038127,-0.307374265,7.446354966,1.508830616,-2.082391613,-6.872793968,1.325725274,1.129100051,0.082322037,-2.537147362,-0.786805833,-0.043028578,0.974334312,-0.144499902,0.684618647,0.496899399,3.290603221,-4.472121267,-4.552890403,4.552890403,12.97123446
4,0.468802401,-0.680910603,0.212108202,4.786010003,1.370777906,-1.404977174,-4.751810736,3.902119493,0.467783164,-1.164891487,-3.205011169,-0.591489213,-0.235728801,0.5426062,0.284611814,-0.350094941,1.745036901,3.946235123,-5.341177084,-4.592488659,4.592488659,12.25339618
5,1.253744292,-0.207013999,-1.046730294,6.367234434,1.203873217,-1.831728973,-5.739378678,2.624060212,0.735405176,-0.67063367,-2.688831719,-0.874927774,0.336031302,1.095508628,-0.556612156,0.602171698,-0.537930022,4.263184146,-4.327425823,-4.57017141,4.57017141,12.32956742
6,0.425637868,-1.402941212,0.977303344,2.585128318,1.097763779,-0.299367994,-3.383524103,-0.355331139,0.544023405,0.226146067,-0.414838333,-0.292815103,-0.145040582,-0.339897919,0.777753605,-0.022918499,-1.454311764,-2.710773067,4.18800333,-5.193426703,5.193426703,5.954016217
8,0.087627536,-0.738740606,0.651113069,2.546749617,1.044783996,-0.658041352,-2.933492261,0.280625786,0.206695158,-0.090064169,-0.397256775,-0.635111788,-0.43119071,0.288904428,0.77739807,-0.190173753,-0.338882681,-1.139993251,1.669049685,-6.170948285,6.170948285,4.555926709
9,0.841145435,0.151961402,-0.993106837,8.621986487,1.709055631,-3.591606749,-6.739435369,2.227792126,1.268507932,-0.489304906,-3.006995153,-1.310344591,-0.070873607,0.767344449,0.613873748,1.959916589,-0.888780607,3.951198194,-5.022334177,-3.326334848,3.326334848,13.69874661
13,0.336654995,-0.123033751,-0.213621244,5.239729175,1.636282574,-1.481576026,-5.394435723,1.535214371,1.443243845,-0.147729425,-2.830728791,-1.095957382,0.358726557,0.312615975,0.42461485,0.85361658,0.02675103,0.772490932,-1.652858542,-5.059647711,5.059647711,12.45635167
15,0.438261241,0.464479657,-0.902740898,5.867177286,2.298493946,-3.002004054,-5.163667178,1.82187661,0.006832208,-0.547474217,-1.281234602,-0.844138524,0.095492737,1.199455596,-0.450809809,-0.11120284,0.148967004,3.648332658,-3.686096821,-4.755075391,4.755075391,9.869896767
16,0.273526156,-0.336484646,0.062958491,6.28161182,2.145540215,-2.099892562,-6.327259473,2.926771627,0.348720777,-0.318339351,-2.957153052,-1.834462553,1.293077729,0.353550684,0.187834141,1.402700341,-0.940152965,1.351329753,-1.813877129,-3.315702419,3.315702419,13.08880425
18,-0.231035804,0.556321094,-0.325285291,3.985876536,1.74331415,-1.20003735,-4.529153336,1.405506572,-0.416097344,-0.14384879,-0.845560439,-2.0518496,0.119803797,1.103465486,0.828580317,2.476199066,-1.44546341,-0.679547151,-0.351188505,-3.79125599,3.79125599,6.628460855
19,0.194867567,-0.579795318,0.384927751,5.559739817,2.069878343,-1.975930486,-5.653687673,2.052087987,0.137421862,0.421340558,-2.610850407,-2.124079016,0.04044648,1.193669407,0.889963128,0.989195983,-1.261039575,1.835470338,-1.563626745,-4.438560045,4.438560045,10.53962705
21,1.350454965,-0.957209682,-0.393245283,5.442343534,1.910863792,-1.110590218,-6.242617109,1.548783144,1.199237374,-0.044011051,-2.704009466,-0.680656442,0.171473137,0.525254743,-0.016071438,1.091435409,0.241948823,1.138658761,-2.472042994,-4.774648798,4.774648798,12.72594814
23,1.586919402,0.031931638,-1.618851039,4.850209521,2.226142771,-2.445802887,-4.630549405,0.387880965,0.196443666,1.319188346,-1.903512976,-1.591714147,-1.079912611,0.234788393,2.436838365,2.249142249,-2.546918957,-0.60540468,0.903181388,-4.01732061,4.01732061,5.013443449
24,1.362303829,-0.934113538,-0.428190291,5.208113686,2.106483503,-1.554578735,-5.760018454,2.872853575,0.27348671,-0.34524321,-2.801097076,-0.960073514,0.206835957,0.469234547,0.28400301,2.349127154,-1.280655789,2.667304692,-3.735776057,-4.303386987,4.303386987,13.26627261
25,1.487466481,-0.354568131,-1.132898351,6.433458693,1.443666016,-1.877417355,-5.999707354,2.133087158,0.93223962,0.247085219,-3.312411997,-1.380959989,0.640885061,0.364128273,0.375946655,2.852338169,-1.886261637,3.442341447,-4.408417978,-3.712592572,3.712592572,14.88896405
26,1.518175912,-0.472319265,-1.045856647,7.279004016,0.397142824,-2.806758583,-4.869388257,1.382468312,1.1610272,-0.548365962,-1.99512955,-0.594882201,-1.538216194,0.137406323,1.995692073,0.837012972,-0.17431713,3.456104521,-4.118800363,-4.193717104,4.193717104,9.453456536
27,1.58138067,-0.811050798,-0.770329872,4.510220464,0.698706599,0.309647225,-5.518574288,2.747587775,0.445222993,-1.541261762,-1.651549006,-0.697083283,-1.351186846,1.193170166,0.855099963,-1.202133896,2.617264176,3.046157828,-4.461288108,-3.926228297,3.926228297,10.11001809
28,0.068007681,-0.645866662,0.577858981,2.973883405,1.190890574,-0.947186166,-3.217587813,0.434203699,0.199687572,-0.075162112,-0.558729159,-0.664466323,-0.443713322,0.409951372,0.698228272,0.150581059,-0.067755704,-1.219031716,1.136206361,-6.178218689,6.178218689,5.025466721
29,0.467367539,-0.651790216,0.184422677,6.029619389,1.001448582,-1.862035049,-5.169032922,1.01160219,0.914400988,-0.104615922,-1.821387256,-0.046249919,0.151698761,-0.031492396,-0.073956446,1.084171429,-0.318041475,-0.192192668,-0.573937286,-5.022293487,5.022293487,10.3388025
32,-0.295906308,-0.907848548,1.203754855,1.9314943,0.369867646,-0.494315681,-1.807046265,2.156738607,0.203326161,-0.920494774,-1.439569994,-0.459656373,-0.467717887,1.094463158,-0.167088898,-0.906225402,0.204022049,1.605311842,-0.903108489,-5.691050038,5.691050038,7.335188628
33,0.141864071,-0.143349882,0.001485812,5.648794369,1.316026169,-1.951074525,-5.013746012,0.319202638,0.780829937,1.053947459,-2.153980034,-1.414662109,-0.113415761,-0.154478893,1.682556763,0.822444666,-0.965749978,1.640456224,-1.497150912,-5.682325132,5.682325132,9.759646342
34,1.187622148,-0.303449622,-0.884172526,6.453347757,2.426416957,-3.047598827,-5.832165887,3.023898565,0.871774689,-0.61032105,-3.285352204,-2.057967418,-0.005546514,0.873062376,1.190451556,1.146757441,-0.605418218,3.327991051,-3.869330274,-4.254632593,4.254632593,10.79320491
35,0.515064938,-0.273165227,-0.241899711,5.267754962,0.431872759,-0.044166389,-5.655461332,1.686355302,0.799003408,-0.083799366,-2.401559345,-1.118449082,-0.93031887,1.935307611,0.113460341,0.274969968,1.791805668,1.092314311,-3.159089947,-4.177796572,4.177796572,10.61304233
36,0.523860137,-1.276496213,0.752636076,4.335968282,1.715213157,-1.460681211,-4.590500227,1.090833488,0.261372408,-0.354106479,-0.998099417,-0.860119586,-0.150741735,0.624517133,0.386344189,0.878289287,-1.113069708,1.042014404,-0.807233983,-5.767394487,5.767394487,9.318340732
38,0.427258568,0.507733765,-0.934992332,3.97650806,0.785963059,-0.979983759,-3.78248736,1.998246267,1.034075606,-0.920733455,-2.111588418,-1.148040475,-0.857356226,0.654880075,1.350516626,-1.576725335,1.149167151,6.081892833,-5.65433465,-3.617866697,3.617866697,14.5616126
39,1.215233748,-0.086168962,-1.129064786,7.569216609,1.507856381,-2.26494995,-6.81212304,1.816297629,0.503756382,0.609692786,-2.929746798,-1.032061471,0.481780623,0.894515463,-0.344234614,2.862113697,-1.045221498,0.950942217,-2.767834416,-4.319825086,4.319825086,12.22880976
40,-0.009481851,0.063515016,-0.054033165,6.758600188,0.245073128,-1.763690827,-5.239982489,1.49684805,0.601118108,-0.127179445,-1.970786712,0.699797942,0.998167321,0.199771367,-1.897736631,0.38214495,-0.136017284,0.966102109,-1.212229774,-4.258048356,4.258048356,10.60105259
41,0.420676943,-0.596364579,0.175687636,4.392441296,0.94010173,-0.371656661,-4.960886364,3.158620639,0.444850906,-0.56152063,-3.041950916,-0.151265276,0.922911206,0.105279982,-0.876925912,0.347500441,1.014925513,2.310527629,-3.672953583,-5.550681884,5.550681884,11.53461803
42,0.765513913,-0.181009485,-0.584504428,4.351856282,1.823765223,-1.135017982,-5.040603523,2.857735997,0.013787773,-0.721053374,-2.150470395,-0.700667222,0.039174454,0.847357581,-0.185864814,0.053342323,0.017542973,3.692387628,-3.763272925,-5.169135657,5.169135657,12.79717123
43,-0.128285623,-0.507453591,0.635739214,2.873672868,1.129466536,-0.8724462,-3.130693204,0.346956342,0.184864131,0.130594032,-0.662414506,-0.820658366,-0.419248865,0.329468517,0.910438714,0.126245415,-0.595764714,-1.231277753,1.700797052,-5.932681893,5.932681893,5.057082055
44,-0.33790058,-0.585471172,0.923371752,4.560711827,1.351035262,-1.22518461,-4.686562479,2.671530069,0.27322995,-1.609923895,-1.334836124,0.026775039,-0.885101821,0.445094318,0.413232464,-1.134762761,0.355343409,2.268858984,-1.489439631,-3.292682252,3.292682252,10.0118445
45,0.586324929,-0.906493586,0.320168657,5.155692769,1.53479916,-1.992546591,-4.697945338,0.963103503,0.165834944,0.565989742,-1.69492819,-1.094609931,-0.243484588,0.794525913,0.543568606,1.384300108,-1.218621383,-1.289917888,1.124239163,-5.28055163,5.28055163,8.729798225
46,1.069607591,0.088942101,-1.158549691,5.856583759,2.708595943,-2.16392331,-6.401256392,2.356500991,1.107689795,-1.100342833,-2.363847953,-1.246587903,-1.118807404,0.88052908,1.484866227,0.060605171,1.129773122,2.782013644,-3.972391938,-4.109453926,4.109453926,11.83310253
49,0.785967834,-0.451556642,-0.334411191,6.769576673,1.928867165,-2.448279966,-6.250163871,-0.020977018,0.735204971,0.287374156,-1.001602109,-1.88149598,0.26126362,0.262544144,1.357688216,1.922337694,-1.229724146,-1.028566202,0.335952654,-3.743699553,3.743699553,11.34170631
50,0.028199748,-0.66590353,0.637703782,2.845445703,1.102329136,-0.768551421,-3.179223419,0.620649672,0.118222749,0.202060126,-0.940932548,-0.904204391,-0.366637934,0.404758148,0.866084177,0.074597469,-0.47215061,-1.155171317,1.552724458,-6.238965433,6.238965433,4.924141745
51,0.780485039,-0.121182161,-0.659302878,6.900704081,1.926408786,-3.446183767,-5.380929099,1.928085917,1.58733242,-0.666697201,-2.848721135,-0.742332675,-0.062676095,0.451445546,0.353563225,1.922374098,-0.994367039,4.619637482,-5.547644541,-3.806527406,3.806527406,13.8826608
53,1.232278626,-0.059154512,-1.173124115,7.407930811,1.317254621,-1.89542276,-6.829762673,2.452312327,1.051512153,-0.535576271,-2.968248209,-1.204042404,0.484654894,0.431396679,0.28799083,0.388635799,0.517518286,3.439077353,-4.345231438,-3.789616194,3.789616194,14.7231759
54,0.755528727,0.204095317,-0.959624044,6.165740485,0.344628592,-1.607563472,-4.902805606,2.701690414,1.042256237,-0.167769488,-3.576177163,-0.622019421,0.539134467,0.07475588,0.008129074,1.186136457,-0.14080404,4.95649909,-6.001831507,-3.769133211,3.769133211,16.03427555
56,-0.109318123,-0.359491819,0.468809943,6.549429746,1.323852765,-2.031914635,-5.841367876,-0.521967774,0.912039767,1.094619846,-1.484691839,-0.598205622,0.72665616,0.104323962,-0.232774501,1.26286388,-0.31894562,-0.582446845,-0.361471416,-4.58054266,4.58054266,10.28662054
57,0.020605291,0.331437047,-0.352042338,4.42122004,1.108694309,-1.85574414,-3.67417021,3.375170032,0.617880238,-1.655269358,-2.337780912,0.017172033,0.858207726,0.074483586,-0.949863344,-1.65272204,-0.341941663,4.498030577,-2.503366874,-3.060935075,3.060935075,10.88444888
58,-0.022599604,-0.527614437,0.550214041,2.529361336,1.163947584,-0.725723492,-2.967585429,0.440228073,0.157575963,0.009514539,-0.607318575,-0.69547527,-0.407183731,0.549624551,0.55303445,-0.264561985,-0.218002345,-0.897868367,1.380432696,-6.193254335,6.193254335,4.585795727
59,0.510671838,-1.204831631,0.694159793,5.153685536,0.08399076,-0.400689002,-4.836987294,1.456670156,0.447123407,0.173029003,-2.076822565,-0.784687591,0.703815841,0.672201373,-0.591329623,-0.513358426,-0.337711317,-1.355372549,2.206442293,-3.806396193,3.806396193,10.02402548
60,-0.389962433,-1.054958264,1.444920697,2.04835619,1.833911851,-0.946225357,-2.936042684,-0.100439585,-0.147361426,0.452823592,-0.205022581,-1.140209746,-0.731830799,0.031808114,1.840232431,0.101981908,-1.175836374,-2.598834249,3.672688715,-5.50573332,5.50573332,3.271799821
61,-0.190889384,-0.275179411,0.466068795,3.695973785,1.032405402,-0.510377558,-4.218001628,1.521693271,-0.403368127,-0.073989948,-1.044335196,-0.861528631,-0.218254538,0.19023565,0.88954752,1.501405914,-1.50736688,-1.593935285,1.599896251,-5.498800311,5.498800311,8.253737994
63,-0.29257005,-0.52558542,0.818155471,4.920418531,-0.235122519,-1.13595288,-3.549343132,1.600005493,0.816594561,-0.835147276,-1.581452778,-0.215019386,-0.57173108,1.234695846,-0.44794538,-0.984155569,-0.543864819,4.803199393,-3.275179005,-4.346823177,4.346823177,10.50543327
65,-0.098225121,0.025186692,0.073038429,3.785323082,2.662168154,-2.634651945,-3.812839292,1.651012262,0.333855284,-0.470384851,-1.514482695,-0.68691375,-0.227016202,0.043317202,0.87061275,-1.202579699,0.72287405,3.968318969,-3.48861332,-3.867607928,3.867607928,10.39947373
68,0.256807775,-0.505388007,0.248580232,4.878242811,1.21603671,-1.459457545,-4.634821976,0.416669401,0.144903562,0.837172144,-1.398745107,-2.195150745,0.373964818,0.407861515,1.413324413,1.123355004,-0.379163585,-3.195954911,2.451763492,-4.986135128,4.986135128,6.197633369
70,0.520886396,-0.829890331,0.309003936,5.117018373,0.531289373,-0.776907784,-4.871399962,2.290010057,0.695666975,-0.527310212,-2.45836682,0.350871617,0.003416152,0.439881261,-0.79416903,-0.012926214,0.25411116,2.069763574,-2.31094852,-5.187239152,5.187239152,11.77666679
71,0.628067258,-0.735613623,0.107546365,6.811972574,1.912037994,-3.003533106,-5.720477461,1.179874713,0.202954575,0.633412479,-2.016241766,-0.468715861,-0.01116496,0.10439121,0.375489611,0.092698328,-0.503565814,2.840792365,-2.429924879,-4.644029252,4.644029252,11.22213388
72,-0.328630394,0.270011729,0.058618665,3.131448721,1.137119377,0.058090278,-4.326658377,2.369954101,-0.42624424,-0.832031991,-1.111677869,0.567939256,-0.247203888,0.343776797,-0.664512165,-0.481479172,-0.772133017,4.066886271,-2.813274082,-3.663258455,3.663258455,12.41780872
73,0.358106952,0.190774037,-0.548880989,6.011781687,0.142486754,-1.055150146,-5.099118295,1.688064236,1.716500577,0.004637312,-3.409202125,0.009918785,0.697810399,-0.765022807,0.057293623,0.063934283,0.057650535,2.5581965,-2.679781317,-3.172434182,3.172434182,15.35793835
74,0.370301004,0.270239486,-0.640540491,5.380455188,1.867981408,-2.609022306,-4.63941429,2.594823043,0.744545846,-0.245644721,-3.093724168,-1.279498528,0.323836997,1.010662181,-0.05500065,2.002582505,-1.127952288,2.057374206,-2.932004423,-3.585924595,3.585924595,13.32147903
77,1.940754394,-1.227049714,-0.713704681,5.33941509,-0.068600359,0.311888525,-5.582703256,1.096745977,1.046369982,0.344055037,-2.487170996,-0.41857771,-0.412735169,1.899337727,-1.068024849,0.890855666,-0.115349787,0.765319983,-1.540825862,-2.093547488,2.093547488,11.39652905
78,1.467186777,-0.35664698,-1.110539797,5.933334983,1.700997029,-2.107836567,-5.526495445,2.658855757,0.401064991,-0.689395139,-2.370525609,-0.563794305,-1.389852589,-0.004165026,1.95781192,-0.274976105,0.394436558,4.075902264,-4.195362717,-3.906706086,3.906706086,7.275915659
79,1.582996866,0.68384622,-2.266843086,7.219292102,0.677936375,-1.07162205,-6.825606427,2.778101431,0.789328892,-0.098827234,-3.468603089,-1.089105813,0.582624345,0.720545648,-0.21406418,0.890745907,-0.264080594,5.396549159,-6.023214472,-2.790987621,2.790987621,17.04424022
80,-0.114557521,-0.899611786,1.014169307,5.334589292,1.549925299,-1.88472217,-4.999792421,2.08565703,-0.256549409,-0.81809522,-1.011012401,-1.698746942,-0.049033434,0.955408515,0.792371861,0.950077774,-0.950311533,-0.127498755,0.127732514,-4.756331359,4.756331359,9.242000401
81,0.57660729,-0.566873337,-0.009733953,3.246807595,0.246656532,-0.938932089,-2.554532038,0.759019592,-0.306917284,-0.28106208,-0.171040229,-1.184602541,0.023847987,1.057188177,0.103566377,1.287414273,-1.430410394,-1.54081196,1.683808082,-4.891472929,4.891472929,7.554698636
82,1.019284304,-0.865338197,-0.153946107,6.069583631,1.385163205,-2.121025761,-5.333721075,1.011968905,0.346089474,0.188953942,-1.547012321,-0.82382216,-0.445061866,0.855066737,0.41381729,1.818413585,-0.801700092,0.775808606,-1.792522099,-4.49897248,4.49897248,12.16921633
83,0.583203403,-0.215466749,-0.367736655,6.776231975,2.081551081,-2.591310816,-6.266472239,2.449889836,1.309022469,0.006261015,-3.765173319,-0.892241987,1.030353432,0.166241417,-0.304352862,0.684481857,-0.698340337,3.66671411,-3.65285563,-2.907831967,2.907831967,15.16299684
85,0.259456149,0.400777823,-0.660233971,6.081565346,0.88297355,-1.740334621,-5.224204275,2.418901614,0.402053985,0.077525895,-2.898481494,-0.478818596,0.33664234,1.080848367,-0.938672111,0.152300805,-0.58355256,5.973681274,-5.542429519,-4.56431819,4.56431819,12.60154781
86,0.654341504,-0.693240341,0.038898837,2.00235767,1.952999343,-0.852981875,-3.102375138,0.298941016,-0.565899284,-0.320789413,0.58774768,-1.107412975,-0.528611853,0.240291829,1.395732999,0.05728882,-0.925806442,-2.063700238,2.932217861,-5.648879964,5.648879964,4.481206788
87,0.744778275,-0.53644942,-0.208328855,6.420304356,1.642225141,-2.387223631,-5.675305865,2.659798504,-0.778806658,-1.411281555,-0.469710291,-0.206427701,0.049378436,0.938920871,-0.781871606,0.551273766,0.745026539,-0.27977264,-1.016527664,-3.930230704,3.930230704,9.301188317
88,-0.076486689,-1.551280246,1.627766935,2.667017687,0.877159775,-0.582491611,-2.96168585,0.00925575,-0.02887404,-0.667531631,0.68714992,-1.020843838,-0.095350849,-0.010373796,1.126568482,0.244521405,-1.404912819,-3.811897903,4.972289317,-4.900608207,4.900608207,6.522389944
89,0.204001361,-0.553030275,0.349028914,6.230772377,2.284126554,-2.606116843,-5.908782088,1.28191684,0.556126825,0.269498832,-2.107542497,-1.936608292,0.532743444,0.965923368,0.43794148,1.67141804,-1.450316811,0.70614808,-0.927249309,-3.738759012,3.738759012,11.89634969
93,0.653925054,0.554759543,-1.208684597,6.638735693,1.071313396,-1.832128339,-5.877920751,1.020546877,1.157235309,0.706392775,-2.884174962,-0.926525677,0.63829154,-0.181244654,0.469478792,1.255036628,-0.349665381,2.420564879,-3.325936126,-4.678977164,4.678977164,13.42126525
94,0.000975062,-0.485594739,0.484619677,3.597631009,2.340175529,-1.588320399,-4.349486139,3.434887026,-0.215979226,-0.75221819,-2.46668961,-0.719251467,-0.559175299,0.085124332,1.193302435,0.013932355,0.059726026,5.481231613,-5.554889993,-4.682344977,4.682344977,11.87892613
95,-0.066434194,-0.562768332,0.629202526,2.666958181,1.064066383,-0.773960718,-2.957063845,0.443465237,0.17654152,0.056937386,-0.676944143,-0.676421094,-0.614507347,0.29344461,0.997483832,-0.023255442,-0.375842122,-1.250717615,1.64981518,-6.142901155,6.142901155,4.730829184
98,0.8734964,-0.07137571,-0.80212069,5.425072655,0.466584167,-1.402630848,-4.489025974,1.344308841,-0.117213389,0.263536591,-1.490632043,-1.863355389,0.250670571,-0.271276246,1.883961064,1.133272162,-2.277392328,3.031437083,-1.887316916,-4.654805166,4.654805166,12.66976368
99,0.727408422,-0.403122375,-0.324286047,4.973510987,1.527453639,-1.915678887,-4.585285738,2.27447407,1.070298128,-0.150630261,-3.194141938,-1.110130147,-0.052228309,0.161349902,1.001008554,0.782846125,-1.829942834,5.154224305,-4.107127597,-4.157223292,4.157223292,14.03639842
100,1.00568619,-0.857825134,-0.147861057,4.473972966,0.321195078,-0.675517654,-4.11965039,4.155187685,0.063918684,-0.711925544,-3.507180825,-0.237432761,0.051766634,1.823055799,-1.637389672,0.626144245,0.938725677,3.126885036,-4.691754958,-4.406566156,4.406566156,12.16101336
103,0.02432345,-0.319545202,0.295221752,5.273506504,1.84271134,-2.235411006,-4.880806837,2.93659531,0.037631027,-1.585296069,-1.388930268,-2.670795131,-0.220639331,0.794346807,2.097087654,0.702215112,-0.927501733,1.154748638,-0.929462016,-3.983653132,3.983653132,8.907051848
104,-0.034922261,-1.06093016,1.095852421,2.529122302,1.727493749,-0.795730075,-3.460885976,1.01650816,-0.559629603,-0.688648848,0.231770291,-0.862888532,-0.687205282,1.11407917,0.436014645,0.717674675,-0.570230544,-0.688664167,0.541220036,-5.661567605,5.661567605,5.329346155
105,0.113548724,0.352441556,-0.46599028,4.558644587,0.508087718,-0.24956488,-4.817167425,1.807651742,0.923785009,-0.030498215,-2.700938536,-0.221222697,0.292115763,0.295868704,-0.366761769,-0.366552853,0.392286537,2.3522131,-2.377946784,-4.598522161,4.598522161,14.38233022
106,1.14991293,0.943934716,-2.093847646,5.784621222,-0.03788106,-1.945005865,-3.801734296,1.937239296,1.95465981,-1.320575286,-2.57132382,-2.041943342,0.599867215,0.643097947,0.798978181,0.666185747,-0.509901474,3.320394273,-3.476678546,-3.579249146,3.579249146,12.27155139
107,-0.311319171,0.801519186,-0.490200014,7.419582701,2.7484438,-3.425794148,-6.742232353,1.862065344,0.94667612,-0.215306256,-2.593435208,-0.541557825,0.485970949,0.070282088,-0.014695211,0.145543614,-0.253427287,4.071035226,-3.963151552,-4.057091978,4.057091978,13.13868581
110,0.200161754,1.148593012,-1.348754766,6.874220545,1.362796151,-2.169363518,-6.067653178,0.618849151,1.042923563,0.9464654,-2.608238114,-0.840382448,0.482070302,-0.155418422,0.513730569,0.349426927,0.507603069,1.216017149,-2.073047144,-4.743499142,4.743499142,11.319612
111,0.248926956,0.317214239,-0.566141195,5.600673353,0.858257043,-0.521342471,-5.937587924,1.048830427,0.156787321,0.449521425,-1.655139173,-0.276554475,0.777656219,0.844563618,-1.345665362,0.695975655,-0.804414633,0.897917123,-0.789478145,-4.169173391,4.169173391,12.90210598
113,-0.143088737,-0.298047102,0.441135839,3.972176511,0.217640325,-0.09961088,-4.090205955,1.98376847,-0.062594447,-0.472335421,-1.448838602,0.023030192,-0.171358821,0.367385597,-0.219056968,-0.216831191,0.777447155,0.48779973,-1.048415694,-5.734693483,5.734693483,9.000203638
114,-0.401457561,0.244172375,0.157285186,3.193025604,2.290158661,-0.662776013,-4.820408253,2.778499923,-0.565139952,-0.515024093,-1.698335878,-1.192307578,-0.143507744,-0.110052606,1.445867927,1.118293854,-1.716134198,0.723874963,-0.126034619,-3.222950016,3.222950016,11.77053617
115,0.599030435,0.00742185,-0.606452285,4.989896503,1.935243388,-1.70556279,-5.219577101,2.489253414,0.379776512,0.071278173,-2.940308099,-0.399205052,-0.223828694,0.419854135,0.203179611,0.606500746,0.046552742,3.6592386,-4.312292088,-5.210680402,5.210680402,12.45493717
116,0.960599899,-0.166418015,-0.794181885,5.856662002,0.831949413,-1.580230728,-5.108380686,2.767766337,1.105246945,-0.945421724,-2.927591558,-0.862796539,0.416050807,0.698273629,-0.251527897,0.070884192,0.542384142,3.852242282,-4.465510616,-4.512690599,4.512690599,14.42651245
117,-0.225830044,0.445726446,-0.219896401,4.553377948,0.577254833,-0.28406106,-4.846571722,2.211325816,0.567836517,0.232204265,-3.011366598,-0.396698624,1.156651622,-0.312238229,-0.447714768,0.253682559,-0.871235164,3.343735931,-2.726183325,-4.909249944,4.909249944,13.22667264
118,0.280896972,0.062995598,-0.343892569,2.286174687,2.001545026,0.100239212,-4.387958925,-0.508246109,-0.33573726,1.606010077,-0.762026707,-0.291276028,-0.209854451,0.595479626,-0.094349147,-0.370698057,-0.421719925,-2.463875758,3.25629374,-3.391893294,3.391893294,7.520072351
119,0.416639698,-0.689814156,0.273174458,7.82022401,1.174562326,-2.585404913,-6.409381423,1.442997851,0.233465717,0.63064363,-2.307107199,-0.770817441,0.310105324,0.251825245,0.208886871,1.335231057,0.206751139,-0.741851724,-0.800130472,-4.248252042,4.248252042,9.106865756
121,-0.017127155,-0.145558715,0.162685869,4.068837523,1.390477148,-0.647236234,-4.812078437,2.236892417,0.49520674,-0.191797376,-2.540301782,-0.649703526,0.452624663,0.936479622,-0.739400758,-0.471102533,0.77125681,2.747799265,-3.047953542,-5.342945899,5.342945899,12.10420349
123,0.308489157,-0.594790422,0.286301265,5.194994882,1.738839573,-1.878506205,-5.05532825,1.080125002,0.888513523,-0.011550586,-1.957087939,-1.446207771,0.415188962,0.539618709,0.4914001,0.816973813,-0.75918825,1.867938705,-1.925724268,-5.689176709,5.689176709,11.22995183
124,-0.383172296,1.305667384,-0.922495089,6.161793848,2.365233228,-3.03909154,-5.487935537,2.261814799,1.417654357,0.072695863,-3.752165019,-1.840557414,-0.480871573,0.95793196,1.363497027,1.134992333,-0.592297271,4.27834077,-4.821035833,-3.751806326,3.751806326,12.0723727
125,0.149012886,-0.085190144,-0.063822741,2.951602745,1.515964268,-1.078228441,-3.389338573,-0.101686249,0.836957868,0.197485276,-0.932756894,-0.631659301,0.549121056,-0.277402355,0.3599406,-0.317082231,-0.916513954,-1.968532609,3.202128794,-5.514330331,5.514330331,6.537966944
126,0.036867455,0.177458224,-0.21432568,4.870512665,0.112958168,-0.396742686,-4.586728147,2.5935593,1.000056173,-1.031158898,-2.562456575,-0.402805982,-0.093076777,0.52547078,-0.029588021,-0.302218294,1.406530391,2.831926462,-3.936238559,-4.600140166,4.600140166,14.27500961
132,1.530050184,-1.477859705,-0.052190479,5.470529389,1.760070973,-1.297441142,-5.933159221,0.436242234,1.002363237,0.356214768,-1.794820239,-0.652258733,-0.180690797,0.013762086,0.819187444,1.851455959,-0.281541431,-0.701815852,-0.868098677,-4.881455563,4.881455563,11.13105768
135,0.228714759,0.68787449,-0.916589249,5.931615343,0.760437805,-2.495699785,-4.196353363,1.636200743,1.01317572,0.057660308,-2.707036772,-1.041645575,-0.18486801,0.8379194,0.388594185,0.054966687,-0.13574183,5.301877013,-5.22110187,-4.611868829,4.611868829,13.91603883
136,1.061280323,-1.142156371,0.080876048,4.395526499,0.550137458,0.107357815,-5.053021772,0.837397902,-0.378577934,0.011280267,-0.470100235,-1.816597727,0.2548838,0.741761883,0.819952044,1.816440671,-1.453495702,-1.527044895,1.164099925,-4.539593935,4.539593935,10.06469623
138,0.052958619,-0.733341243,0.680382623,2.828712209,1.094146605,-0.884275607,-3.038583206,0.848623381,0.098486494,-0.241855838,-0.705254038,-0.537709994,-0.256757916,0.431093605,0.363374305,0.248351479,-0.527628296,-0.736170748,1.015447566,-6.12162084,6.12162084,5.145764599
139,1.008778703,0.327581137,-1.336359839,6.584222197,1.890560964,-2.725134365,-5.749648797,0.91391371,0.436599172,-0.115421006,-1.235091876,-0.689472422,1.175279319,-0.324336358,-0.161470539,0.807502161,-0.983718936,1.193994238,-1.017777463,-3.988126062,3.988126062,11.72460492
140,1.012786734,-0.276007495,-0.736779239,5.882952324,1.956179912,-1.795257658,-6.043874578,2.235505351,0.730686491,-0.743332753,-2.222859089,0.014989894,-0.303909688,0.115363986,0.173555808,0.529284277,1.400391962,1.842039957,-3.771716196,-4.154862139,4.154862139,12.05297314
142,-0.094032884,-0.768964074,0.862996958,3.176540581,1.096334824,-0.845015068,-3.427860337,0.835587008,-0.053433283,-0.119191452,-0.662962273,-0.844949947,0.402221289,0.015584982,0.427143676,0.002491343,-0.705719205,-1.789533144,2.492761006,-5.962077967,5.962077967,5.741342898
143,0.41453934,-0.31236604,-0.1021733,6.734532525,1.539330419,-1.156347412,-7.117515532,2.070150854,0.408473869,0.047156668,-2.525781392,-1.794100825,0.509295894,0.93337782,0.351427111,1.96051116,-0.993421791,0.618922193,-1.586011561,-2.772050196,2.772050196,13.14990518
145,1.187031789,0.028836946,-1.215868735,6.434933608,2.568145015,-3.046274223,-5.9568044,0.936714275,0.454198434,0.616083943,-2.006996652,-1.278946395,-0.323610446,0.498213266,1.104343575,1.257788927,-0.346697626,0.415149891,-1.326241191,-3.847516638,3.847516638,11.65752579
146,0.106793877,0.03255274,-0.139346617,4.59899768,1.413249292,-1.930732377,-4.081514595,-0.130806411,1.074829319,0.065012402,-1.009035311,-1.553239375,-0.393908998,0.365734932,1.581413441,0.234266178,-1.22035724,-3.06744718,4.053538241,-4.856652936,4.856652936,5.837245865
147,-0.036601858,-0.215354666,0.251956524,3.038761933,0.908636984,-0.441143672,-3.506255245,1.403943505,0.470075756,-0.689225953,-1.184793308,-0.765828341,-0.469309139,0.888440779,0.3466967,-0.302875307,0.502029272,0.053371192,-0.252525157,-6.045414656,6.045414656,6.77278148
149,0.63828944,0.808560537,-1.446849977,4.8927739,0.463630432,-1.76783878,-3.588565553,2.088653255,1.76110985,-0.48973634,-3.360026765,-0.091716043,0.014163967,0.990086171,-0.912534095,0.822792846,1.138630264,1.764429245,-3.725852356,-4.472838322,4.472838322,11.88459755
151,1.105276498,1.01257516,-2.117851659,3.209656074,0.791945103,-0.90369546,-3.097905718,1.755026776,1.44862811,0.06214079,-3.265795676,-0.787659946,-0.094089923,0.547637253,0.334112615,1.604279545,-1.132958955,2.699317615,-3.170638205,-4.43597509,4.43597509,10.66938607
152,0.217420928,0.030421386,-0.247842315,5.451840785,0.968821668,-0.894476616,-5.526185837,2.381977186,0.90084925,0.01405954,-3.296885977,-0.072353715,-0.322631685,0.029734159,0.365251241,0.265245302,1.695761272,2.424863521,-4.385870096,-4.927800541,4.927800541,12.01726445
154,-0.13629724,0.220454971,-0.084157731,5.913217313,0.702006368,-1.445671186,-5.169552495,2.080190805,1.431970793,-1.101561274,-2.410600324,-0.050068674,0.110225382,-0.291060211,0.230903504,0.623977142,0.936133492,1.867206322,-3.427316955,-5.056430325,5.056430325,10.3809092
155,0.959737528,-0.019804796,-0.939932731,6.171240273,0.822041614,-0.216680325,-6.776601562,0.454642096,1.590055811,1.004858672,-3.049556579,-0.769201953,-0.016620744,0.279284174,0.506538523,0.564926635,1.103450019,1.005500837,-2.673877491,-3.18641255,3.18641255,13.31145209
156,-0.079334455,0.927670824,-0.848336369,5.27916953,0.592250437,-0.916022166,-4.9553978,0.757475595,1.84539356,0.056759885,-2.65962904,0.624335341,1.4038036,-0.6164309,-1.411708041,-0.125397053,0.516706155,2.741381545,-3.132690647,-4.233429768,4.233429768,14.42601386
158,1.299199108,-0.232340961,-1.066858148,7.689655957,0.803717255,-2.408510661,-6.08486255,0.49282277,1.18343813,0.338707043,-2.014967944,-0.708319526,-0.405492177,0.61415661,0.499655093,1.270713256,-0.320759281,0.218925519,-1.168879494,-4.378455705,4.378455705,8.525914088
160,0.674758353,-0.880028177,0.205269824,6.356702423,1.473749446,-1.640119786,-6.190332083,2.425882171,0.567135807,-0.472346275,-2.520671703,-1.762144551,0.760889017,1.088420477,-0.087164942,1.451222121,-0.520384213,1.785028049,-2.715865956,-4.861265006,4.861265006,11.66531876
163,1.214637373,-0.419164116,-0.795473257,3.403775451,0.493706122,0.761571352,-4.659052924,1.327048975,0.59468142,0.024678251,-1.946408646,0.60350318,-0.039541568,0.722844183,-1.286805796,-1.304036672,0.696006458,3.482136594,-2.87410638,-4.729637482,4.729637482,11.88018567
164,0.366581257,-1.494148273,1.127567016,3.369028045,0.147128567,-0.373824453,-3.14233216,2.936479422,-0.022896708,-0.791650862,-2.121931851,1.298654322,-0.221292194,0.085774377,-1.163136505,0.001034823,1.051946008,1.833205083,-2.886185914,-2.849360742,2.849360742,11.05509084
165,0.272420544,0.551424476,-0.82384502,6.314525789,0.334305435,-1.083930751,-5.564900473,1.43664319,1.050244671,0.263802959,-2.75069082,-0.185549205,0.850470844,-1.102634951,0.437713312,0.564174893,-0.675065232,4.858488352,-4.747598013,-3.911049762,3.911049762,15.29587842
166,-0.333037853,0.29520497,0.037832883,5.357873851,1.043142308,-1.292419499,-5.10859666,0.980129586,1.682440521,0.713186021,-3.375756128,-0.792415949,0.626149438,0.412021471,-0.24575496,0.602099289,-0.237935945,0.583392887,-0.947556231,-4.045800782,4.045800782,13.84735502
167,0.249412052,-0.259841141,0.010429088,6.885668223,1.285729624,-2.676684638,-5.494713209,0.632043943,0.399518558,0.633004822,-1.664567323,-0.491144677,0.227251456,0.351416373,-0.087523152,1.120477925,-1.055209314,1.745830125,-1.811098735,-4.4504588,4.4504588,10.60881138
168,-0.500463755,-0.834485256,1.334949011,2.977800593,1.095725881,-0.988689465,-3.08483701,0.904338274,0.071809499,-0.135479538,-0.840668235,0.028014965,-0.238554395,-0.041756733,0.252296163,-0.349132568,-0.473278901,-1.442987058,2.265398526,-5.814675316,5.814675316,5.227338123
169,0.520980797,-0.107042276,-0.413938521,7.384559766,1.949637508,-3.337928178,-5.996269096,1.265748677,1.147753433,0.178257028,-2.591759138,-1.161681548,-0.152142329,0.088401543,1.225422334,0.648041784,-0.536467714,3.569653104,-3.681227174,-5.100583836,5.100583836,10.48039734
170,0.727958763,-0.022597813,-0.70536095,8.070369938,1.170793413,-3.035241005,-6.205922346,1.335389153,1.015542114,0.211412486,-2.562343753,-0.722821861,0.029539118,0.511739062,0.181543681,1.734253537,-0.780126606,2.54988223,-3.504009162,-4.387466787,4.387466787,11.86856566
172,0.177482492,0.233022089,-0.410504582,5.239916131,0.738894801,-1.941854857,-4.036956075,2.977151987,0.586734389,-1.319132461,-2.244753916,-1.724026529,0.2128903,0.189392722,1.321743507,-0.460018697,-0.533541754,2.053193895,-1.059633444,-3.938851007,3.938851007,11.86018146
173,0.069122629,-0.829958198,0.760835569,4.91427602,1.283414359,-1.627725741,-4.569964638,2.109431101,0.701152888,-0.587724571,-2.222859418,-1.497542448,0.02612213,-0.405694908,1.877115226,1.128247066,-0.311475232,-0.814026118,-0.002745715,-5.124724419,5.124724419,8.624301522
175,1.030816428,-0.859029573,-0.171786855,3.61716141,0.285562617,0.099357418,-4.002081445,1.319433306,0.156883677,0.763582268,-2.239899251,-0.549652239,0.147563922,0.559734457,-0.157646141,-0.550214522,-0.086859664,1.32167962,-0.684605433,-4.521253194,4.521253194,12.89662986
176,-0.120877365,-0.417022809,0.537900174,4.046879041,0.760522075,-0.551029258,-4.256371858,-0.145951729,0.344475612,1.167791283,-1.366315166,-1.149541402,1.231633929,-0.040874849,-0.041217677,0.29132153,-2.019534102,-1.449948719,3.178161291,-4.924177776,4.924177776,7.844226785
178,0.07266092,-0.564028507,0.491367587,2.591758236,1.092039228,-0.64133972,-3.042457744,0.502253885,0.147478663,0.061169593,-0.71090214,-0.538964643,-0.474096106,0.506713858,0.506346892,-0.06531259,-0.305442674,-0.81451545,1.185270713,-6.20253662,6.20253662,4.675048071
179,0.357131939,0.556371101,-0.91350304,4.981925318,1.146063401,-0.656350616,-5.471638103,2.972426493,0.817156439,-1.871858884,-1.917724047,0.272353875,-0.320201078,1.540373,-1.492525797,0.142142665,1.603110936,4.507830565,-6.253084165,-4.171887373,4.171887373,13.43696952
181,-0.021229619,-0.571110468,0.592340087,2.222075517,1.270624765,-0.726177536,-2.766522746,0.371040359,0.044928336,-0.071477531,-0.344491164,-0.500155882,-0.665135076,0.222112256,0.943178702,-0.037398405,-0.363137507,-1.097620479,1.498156391,-6.276756286,6.276756286,4.005348345
183,0.442553719,0.402515674,-0.845069393,5.365567805,1.065503561,-0.414894503,-6.016176862,2.949255887,1.19246385,-0.846944143,-3.294775595,-0.696884405,-0.148612885,0.848206168,-0.002708877,-0.005443915,1.496851988,3.613852437,-5.10526051,-3.903732566,3.903732566,15.58272277
186,0.556052304,0.230087653,-0.786139957,5.844698332,-0.561811673,-1.834741514,-3.448145146,1.38243888,1.54885871,-0.321106669,-2.610190922,-0.764061643,0.013684442,0.503941861,0.24643534,1.21301048,-0.633627341,1.390562269,-1.969945407,-4.262145491,4.262145491,11.4883864
187,0.836814525,0.538892389,-1.375706914,5.61209606,0.143114601,-0.427029732,-5.328180929,0.93195573,1.014397552,1.2671637,-3.213516982,-0.259424745,0.535619123,-0.270145915,-0.006048462,1.422818481,-1.317533974,2.018077005,-2.123361511,-4.132775153,4.132775153,14.23832202
188,1.11329102,0.060765542,-1.174056562,4.648919685,0.783046132,-1.483145077,-3.94882074,2.584899097,0.600409124,-0.563380351,-2.62192787,-0.689320409,0.562456057,0.416989683,-0.290125331,0.950263451,-1.475963256,3.204650828,-2.678951022,-3.868257787,3.868257787,14.96038715
189,0.301425178,0.684619603,-0.986044781,5.339867363,0.993674509,-1.094565621,-5.238976251,2.749423596,1.26844572,-0.652608494,-3.365260822,-0.537429266,-0.518069886,0.724820648,0.330678504,0.397744829,-0.61138386,3.097010939,-2.883371908,-3.979852075,3.979852075,12.67076519
190,-0.429688669,-0.837818588,1.267507258,4.186593221,1.058049049,-1.389173569,-3.855468701,0.171115115,0.861915675,0.060746582,-1.093777371,-0.712637008,-0.138347482,0.406688102,0.444296388,0.332390929,-0.787663583,-1.302724456,1.75799711,-5.949587337,5.949587337,6.464303941
191,0.017938451,-0.581849443,0.563910992,2.347549688,1.210381902,-0.721643751,-2.836287839,0.482276227,0.293158216,-0.206871165,-0.568563278,-0.441488471,-0.232802736,0.129894192,0.544397015,0.036260422,-0.31733383,-0.866756398,1.147829806,-6.202438473,6.202438473,4.58857271
192,1.030698982,-0.251644038,-0.779054945,5.765393712,1.303724358,-2.218579645,-4.850538425,1.638341703,0.389234179,0.265606373,-2.293182256,-1.64066116,0.0301279,0.019604936,1.590928324,1.183670365,-1.570394275,0.59751808,-0.21079417,-4.511615232,4.511615232,11.39827058
193,0.082775735,-0.21879448,0.136018745,6.699018247,2.106033161,-2.19048331,-6.614568098,2.356609602,0.252637553,-0.325848223,-2.283398932,-1.144145712,0.372927787,0.58444642,0.186771505,0.022927493,0.10960341,3.25815621,-3.390687113,-4.613100052,4.613100052,13.14761298
195,-0.07824372,-0.707827838,0.786071558,3.501160552,0.928221138,-1.044696441,-3.384685248,0.007827669,0.533626985,-0.16452156,-0.376933095,-0.89568513,-0.484027677,0.465382225,0.914330582,-0.19390313,-0.486652951,-1.971072157,2.651628238,-5.873207218,5.873207218,5.793549999
196,-0.166614996,1.198185595,-1.031570598,4.792411878,1.30580862,-1.042636557,-5.055583941,3.044551508,0.958387922,-1.120013852,-2.882925578,-0.335524736,0.72451081,-0.216130303,-0.17285577,-0.685809052,-0.766787406,3.815846453,-2.363249995,-4.390182924,4.390182924,12.12678476
198,0.958254306,-1.065837757,0.107583451,6.870849898,1.004628451,-2.353471115,-5.522007234,0.520208952,0.152044286,0.430758523,-1.103011761,-1.389348832,-0.306593335,0.638845818,1.057096349,0.568733541,-1.213984506,0.711206769,-0.065955805,-4.976926114,4.976926114,9.809281003
199,0.234820384,-0.727996531,0.493176147,3.518509055,1.317722066,-1.136045557,-3.700185564,0.904661508,0.09016785,-0.017604159,-0.977225199,-0.685009427,-0.397865705,0.289911298,0.792963834,0.179713497,-0.231094898,-0.512179158,0.563560559,-6.018824892,6.018824892,6.354460874
200,0.380494555,0.548752122,-0.929246677,4.88431484,2.169211039,-1.007590558,-6.045935321,1.986291702,0.719147008,-0.548398656,-2.157040054,-0.175060795,0.189474364,0.248380826,-0.262794395,-0.606690965,1.467783275,1.081927584,-1.943019894,-3.757997308,3.757997308,12.48185844
201,-0.402675662,-1.306399379,1.70907504,2.907602097,1.453544954,-0.872577011,-3.488570039,1.199231321,-0.467551292,-0.13462305,-0.597056979,-0.94062002,0.243540951,0.706455133,-0.009376063,-0.414573369,-0.721835949,-2.16711675,3.303526068,-5.129971845,5.129971845,6.160152818
202,-0.074612018,-0.405448777,0.480060795,4.324062009,1.018030835,-1.558850081,-3.783242763,1.083097364,-0.208561154,-0.343712062,-0.530824148,-1.44211728,-0.775123258,0.62726102,1.589979518,-0.024554924,-1.158834612,-2.259210938,3.442600474,-5.091069271,5.091069271,4.764699161
204,0.618802639,-0.949681325,0.330878686,3.446694498,1.418039709,-0.99729103,-3.867443177,0.604179334,-0.194544863,0.212748902,-0.622383373,-1.300997522,-0.478622389,0.632883034,1.146736877,-0.270019327,-1.324972803,-0.62116264,2.216154769,-5.384875981,5.384875981,7.412249309
205,0.665562006,0.084876709,-0.750438715,1.889926431,1.348309273,0.553094824,-3.791330529,1.94817148,0.707726696,-0.73439206,-1.921506116,-0.722387531,-0.642784469,-0.201800158,1.566972158,-1.065251967,0.762931299,3.209897462,-2.907576794,-2.3319038,2.3319038,12.34038332
206,0.582487639,-0.97046149,0.387973851,3.756676231,0.902023304,-0.940209745,-3.71848979,0.272440069,0.012194045,-0.603005484,0.318371369,-0.551747494,-0.528240702,0.387475769,0.692512427,0.832422896,-0.608803103,-1.472313593,1.2486938,-5.754068873,5.754068873,6.326982881
207,1.151506143,-1.45977951,0.308273367,6.250135908,0.982617483,-1.817122964,-5.415630427,1.767624263,0.149046883,-0.631687378,-1.284983768,-1.237874121,-0.02537495,0.62757197,0.6356771,1.637114897,-0.908076188,2.402127751,-3.131166459,-5.122107854,5.122107854,9.952465138
211,0.519928917,-0.402208293,-0.117720624,4.407407876,1.006488751,-0.841733095,-4.572163532,3.102712862,0.543208881,-0.868007637,-2.777914107,-0.509548262,0.587268336,0.379004127,-0.456724201,-0.16087342,0.570169561,3.350858566,-3.760154707,-5.3989816,5.3989816,12.53414435
213,1.910602618,-0.987374486,-0.923228132,5.974202233,0.773127053,-1.636702073,-5.110627213,1.387901436,1.00043682,0.403748933,-2.792087189,-0.956864826,-0.257631135,0.49648714,0.718008822,1.093953773,-0.194064175,2.891281092,-3.79117069,-5.619510709,5.619510709,10.77711404
215,-0.246829219,0.05530492,0.1915243,6.293461414,1.583628345,-2.361687376,-5.515402383,1.138064575,1.153683326,0.313278254,-2.605026155,-1.155334454,-0.274115258,-0.170119591,1.599569303,0.368355117,-0.550645267,2.92954108,-2.74725093,-4.210288355,4.210288355,13.62944073
216,0.136849411,0.801454544,-0.938303954,6.561592045,-0.048058444,-0.587974291,-5.92555931,0.446377211,0.831044687,1.542226816,-2.819648715,-1.265554145,1.772780435,0.285201354,-0.792427644,2.075933735,-0.92350879,-0.149282998,-1.003141947,-3.534849715,3.534849715,9.277901704
217,0.33271786,0.749476358,-1.082194218,6.77569889,1.096579107,-2.130952524,-5.741325473,1.85410519,1.1317982,0.3507019,-3.33660529,-1.784226929,-0.03863679,-0.189306654,2.012170373,-0.001386095,-0.659890853,1.615125666,-0.953848718,-3.643181369,3.643181369,11.92844226
218,1.485535711,-0.566107157,-0.919428553,4.949002189,0.028995152,0.599552738,-5.57755008,2.653584939,0.637153161,-0.408341557,-2.882396543,-0.483048611,-0.302085777,0.89861942,-0.113485031,0.134336063,0.784958445,3.341276526,-4.260571033,-5.055992635,5.055992635,12.24293105
219,1.168555391,-0.209555049,-0.959000342,6.28727806,1.238790512,-1.300361437,-6.225707136,0.868579842,-0.075204572,-0.304658074,-0.488717197,-1.057777586,0.662625044,0.171090335,0.224062207,0.161744295,-0.24305644,1.562104287,-1.480792142,-4.521631015,4.521631015,12.73396103
220,0.40654383,0.717442649,-1.12398648,4.535617918,0.890196315,-0.774556197,-4.651258036,0.989905056,1.445857965,0.475864512,-2.911627532,-0.778526005,-1.291481623,0.799579478,1.27042815,1.194706324,-0.381465026,2.944391996,-3.757633293,-4.785125931,4.785125931,9.994958424
222,1.613150175,-0.499808339,-1.113341835,4.536061759,0.331593779,-0.27540468,-4.592250858,2.215711436,0.220243874,-0.088424218,-2.347531092,-0.699588212,0.396910631,0.467776024,-0.165098443,1.729319514,-1.417345386,5.039774086,-5.351748214,-4.887655117,4.887655117,13.68009312
223,1.12572195,-0.106321121,-1.01940083,5.561935419,1.034583272,-1.049920723,-5.546597968,2.52498085,1.084925503,-0.645381642,-2.964524711,-1.11450066,0.062870303,0.499374039,0.552256318,0.455262581,-0.256164516,3.239760171,-3.438858237,-4.916312625,4.916312625,13.38255683
225,1.394035435,-0.38135774,-1.012677695,5.832571159,3.065162752,-3.04498425,-5.85274966,1.522811604,0.272868783,-0.153803049,-1.641877339,-1.384949189,-0.415536648,0.134932006,1.665553831,0.5804152,-0.991886519,2.539515806,-2.128044487,-4.564986294,4.564986294,10.93698595
227,1.356225736,-0.473371241,-0.882854495,4.976037684,1.228032689,-1.407484403,-4.79658597,1.577845701,0.989808673,-0.509842746,-2.057811628,0.427844206,0.943124938,-1.037646976,-0.333322168,0.605894913,-1.285588064,2.630468055,-1.950774904,-3.668027028,3.668027028,14.4219645
228,0.233884046,0.688175617,-0.922059663,5.290659892,0.794230691,-0.846961951,-5.237928631,1.96624197,1.4404947,-0.514788286,-2.891948384,-0.382567291,0.613299205,0.357608903,-0.588340816,-1.352313906,0.050841355,6.070805191,-4.76933264,-3.72019927,3.72019927,15.15128551
229,1.069577298,-0.957855568,-0.11172173,3.673956678,1.946165861,0.030664515,-5.650787054,3.019144863,0.151394003,-0.408295719,-2.762243147,-0.807352209,0.332331195,1.136375983,-0.661354969,-0.056436827,0.659606246,2.339034432,-2.942203851,-4.610630564,4.610630564,12.86727437
230,0.992635044,-0.792306571,-0.200328473,2.483418038,1.686514988,-1.022235599,-3.147697426,0.211575689,0.337316198,-0.091507505,-0.457384382,-0.815410141,-0.141509191,0.559547098,0.397372234,0.374070512,-0.79886887,-1.652708648,2.077507006,-5.812473617,5.812473617,5.27084379
231,0.14760533,-0.525207296,0.377601966,4.569534221,1.945612067,-1.372876192,-5.142270096,2.78741657,1.436543493,-1.007093089,-3.216866974,-0.854516251,0.722826598,-0.075433146,0.207122799,0.407799576,0.053576014,2.798344347,-3.259719936,-3.927344919,3.927344919,12.5349498
232,0.002891649,-0.025498042,0.022606393,3.503429254,-0.246040723,-0.42657837,-2.83081016,-0.613240308,0.802572286,1.385778448,-1.575110426,-2.231636072,-0.357608468,0.457924947,2.131319594,-0.477519196,-0.493488049,-2.925595374,3.896602619,-3.874444286,3.874444286,7.361277344
233,-0.341129993,0.949423097,-0.608293104,5.071079676,1.802846659,-2.016352016,-4.857574318,-0.052134938,1.192709621,1.623945347,-2.764520029,-1.897474017,-0.06464135,-0.211604688,2.173720055,0.73252432,-1.191781712,-1.227157626,1.686415019,-4.62216374,4.62216374,8.181713358
234,-0.145536992,-0.913579969,1.05911696,3.576053216,0.987900143,-1.270915066,-3.293038293,-0.11290238,0.614942932,0.177578188,-0.67961874,-1.064981463,-0.702813587,0.151357929,1.61643712,0.03747931,-1.018157361,-2.107653107,3.088331158,-5.582037724,5.582037724,4.722081943
235,-0.405120339,-0.635714056,1.040834395,1.799595495,0.222672978,-0.666894943,-1.355373529,0.739125238,0.23082417,0.734488553,-1.704437962,-0.245799928,0.638790762,-0.104487376,-0.288503459,-0.629060089,0.688614667,-0.272260558,0.21270598,-5.499947346,5.499947346,6.944343256
236,1.106169444,-1.030480642,-0.075688802,2.582801403,-0.44886716,1.108960518,-3.242894761,3.056992011,1.099788707,-1.258245457,-2.898535261,0.349988868,-0.017935454,1.711130212,-2.043183625,-0.373842218,1.237960963,2.284966004,-3.149084748,-3.231306984,3.231306984,12.69781859
238,-0.08138505,0.402415308,-0.321030258,5.083360333,0.163326471,-1.42871316,-3.817973644,1.060548501,1.224259565,0.963715037,-3.248523103,-1.246182093,0.792184662,0.148044012,0.305953418,0.513675972,-0.520962254,3.274461099,-3.267174817,-5.456950012,5.456950012,11.21360882
239,0.376233571,-0.291072026,-0.085161545,5.473308368,1.392205581,-1.91013773,-4.955376219,1.727278892,0.063540447,-0.31850343,-1.472315909,-1.440950456,-0.847701691,0.670780143,1.617872005,1.012337937,-0.490417961,1.972016593,-2.493936569,-5.82252986,5.82252986,9.591708838
242,1.530524237,0.547657825,-2.078182062,4.984806346,1.258361452,-0.748731098,-5.4944367,2.032379733,0.345760882,-0.619030076,-1.759110539,-1.421380656,-0.822433708,0.575877998,1.667936366,0.26143866,-0.315024536,4.202640409,-4.149054533,-4.552784574,4.552784574,12.75085772
243,1.550567978,-0.589262201,-0.961305777,5.08592249,1.394094281,-0.848937708,-5.631079062,0.060227935,1.371021211,1.252175773,-2.683424919,-0.53608924,-0.434625738,0.566009959,0.404705019,0.552798459,0.302494003,0.526971843,-1.382264306,-4.941787155,4.941787155,10.81941671
245,1.266764816,-0.451840453,-0.814924363,6.582003519,1.805741147,-2.363393842,-6.024350824,1.754687082,0.283013538,-1.255161803,-0.782538818,-1.099918418,-1.303063507,0.508159597,1.894822328,0.939914805,-0.458341407,2.924868841,-3.406442238,-3.846007768,3.846007768,10.78928343
247,0.159047024,-0.667467113,0.508420089,2.259658816,1.296672882,-0.666894767,-2.889436931,0.876750869,-0.150832757,0.05402287,-0.779940982,-0.570196198,-0.544582277,0.596513028,0.518265447,-0.075758019,-0.123630551,-0.927869843,1.127258414,-6.099151526,6.099151526,4.656595345
248,0.89020767,-0.546579591,-0.343628078,4.74160837,1.92985777,-1.382994503,-5.288471638,1.806438619,-0.105113663,0.387095782,-2.088420738,-1.085585005,-0.163275034,0.936892454,0.311967584,0.416727071,0.240602099,1.379690999,-2.037020168,-5.741807272,5.741807272,11.30469081
249,-0.230191407,-0.750563816,0.980755223,3.164825727,1.100451037,-1.031170176,-3.234106587,-0.023146762,-0.034863808,0.54564744,-0.48763687,-0.604481362,0.402958836,-0.135735353,0.337257879,0.038006536,-0.664796245,-2.213712442,2.840502152,-5.833783619,5.833783619,5.511189317
250,0.166251238,1.039993886,-1.206245125,7.153481896,0.957142751,-2.563782764,-5.546841883,2.460899597,1.918520291,-1.228600034,-3.150819854,-0.068947476,-0.436370377,0.764936524,-0.259618672,-0.615766806,1.418575961,4.938239656,-5.74104881,-3.35531814,3.35531814,14.38976797
251,-0.75320259,-0.337843847,1.091046437,3.62380654,0.303634815,-0.099155666,-3.828285689,-0.995406466,0.16470363,0.701131651,0.129571184,-1.184487723,-0.655227084,0.765283469,1.074431338,1.102758455,-1.547205567,-3.521623518,3.96607063,-4.253922453,4.253922453,4.116254225
252,1.495609839,0.12643284,-1.622042679,5.848247375,1.844129817,-2.072227838,-5.620149355,1.204914111,-0.141859277,0.348948973,-1.412003807,-2.548244489,0.590823176,0.397901824,1.55951949,1.557355201,-1.945235484,1.224750552,-0.836870269,-4.418706018,4.418706018,9.699247148
253,-0.051362048,-0.56193151,0.613293558,2.468328174,1.163595697,-0.671154677,-2.960769194,0.534598826,0.001566223,-0.203957131,-0.332207918,-0.594833039,-0.501200548,0.31746832,0.778565266,-0.005391879,-0.363941847,-1.11566032,1.484994045,-6.126421443,6.126421443,4.182170834
254,-0.498219763,-1.226754052,1.724973815,0.347754161,1.437696174,0.310352054,-2.095802389,1.488139122,-0.641462842,-0.661275085,-0.185401195,-1.027724262,-0.837763424,-0.065710163,1.931197849,-0.641088681,-0.74983888,-2.803537236,4.194464798,-5.14468951,5.14468951,1.95139984
255,0.414881653,-0.084492751,-0.330388902,5.957577543,0.991642259,-1.111932694,-5.837287107,1.461167691,0.811293701,-0.517757775,-1.754703618,-0.758285018,0.047928526,0.868627262,-0.158270769,0.293321873,0.556659243,0.727388982,-1.577370099,-4.928685782,4.928685782,12.12366393
256,-0.414644655,-0.887033102,1.301677757,2.318188565,1.826749029,-1.282857824,-2.86207977,-0.387323801,0.705241656,-0.29891504,-0.019002815,0.171866334,-0.34825949,-0.025248678,0.201641834,-0.454813858,-0.700472845,-2.741285129,3.896571832,-5.306478206,5.306478206,3.311342946
258,-0.147380205,0.516067464,-0.368687259,5.697515967,2.509456203,-1.441665473,-6.765306697,2.001119012,0.23941588,-0.332240995,-1.908293897,-0.685840742,0.467256594,1.167006439,-0.948422291,0.903608714,0.397042512,2.106412697,-3.407063922,-3.639034207,3.639034207,14.44205324
259,-0.267986512,-0.629725396,0.897711908,4.904536494,0.68396981,-1.223078706,-4.365427598,-0.885483006,-0.084147703,0.983546858,-0.01391615,-1.399653827,-0.25304386,0.359927798,1.292769889,0.336787495,-0.953025519,-3.312115083,3.928353107,-4.729456601,4.729456601,6.224021292
260,0.507738678,-1.070340657,0.562601979,2.773351134,1.098658569,-0.498540037,-3.373469666,1.448605915,-0.338402326,-0.625199046,-0.485004542,-0.782670661,-0.489506483,0.394639953,0.877537191,-0.196519158,-0.369560491,-2.034022695,2.600102344,-5.56589188,5.56589188,5.390702868
261,-0.07141497,-0.13744392,0.208858891,4.143189964,1.675983554,-1.125281063,-4.693892455,0.897386337,-0.117218856,0.35397206,-1.134139541,-1.059404351,0.24093798,-0.220178987,1.038645358,0.685718738,-1.576887043,-2.319627847,3.210796153,-4.502472575,4.502472575,8.781550714
262,0.716831401,-0.029101427,-0.687729974,7.028303884,1.93860897,-2.745827692,-6.221085162,2.885160448,0.27135433,-0.476983736,-2.679531042,-1.169511102,0.349096942,0.34629359,0.47412057,0.946589211,-0.634285005,3.845085067,-4.157389274,-4.096071489,4.096071489,13.46309156
263,0.700167358,0.327328896,-1.027496254,5.032797607,0.513538345,-1.176781437,-4.369554514,2.19508994,0.214277679,-0.42596116,-1.983406459,-0.35504322,-0.003598865,0.721605775,-0.36296369,-1.277756609,0.120798833,5.137431901,-3.980474125,-5.158145301,5.158145301,10.3668517
264,0.54748884,0.924608646,-1.472097486,5.515162045,2.401713049,-3.034960784,-4.88191431,0.698586404,0.663074266,-0.801453504,-0.560207166,-0.74602495,0.368019012,0.185287496,0.192718441,-0.147925524,0.084329009,3.757188892,-3.693592376,-4.607935402,4.607935402,9.821149348
265,1.498692054,-0.371312543,-1.127379511,7.372562359,0.753017463,-2.216365309,-5.909214513,1.869746026,0.51598993,-0.373006162,-2.012729795,0.279645946,0.804954041,0.174305401,-1.258905387,0.814313795,-1.979569062,4.963896354,-3.798641087,-3.667960277,3.667960277,12.66769927
266,0.924975638,0.051109253,-0.976084891,4.755785795,2.56432369,-2.267207315,-5.05290217,1.421584431,1.104754222,0.987023991,-3.513362643,-1.195805544,-0.211562653,-0.381888107,1.789256305,0.053071975,-1.361016442,2.26790367,-0.959959202,-2.29844532,2.29844532,12.73178945
269,-0.484979315,0.940314155,-0.455334841,7.011980761,1.574082732,-3.027136084,-5.558927409,1.928541554,1.547814842,-0.081517372,-3.394839024,-1.502113233,0.653400683,0.172446353,0.676266197,0.933037328,-0.054514618,1.689619456,-2.568142166,-4.144202727,4.144202727,11.45850477
270,0.512832605,-0.025882777,-0.486949828,5.208149165,1.341601447,-2.009739696,-4.540010916,3.075621483,0.238466357,-1.063113121,-2.250974719,-0.141321599,0.494788097,0.000173398,-0.353639896,-0.317246806,-0.467538103,5.694842323,-4.910057413,-3.630916952,3.630916952,15.59334486
271,1.325369479,-0.490240477,-0.835129002,6.379141753,1.210221825,-1.62281334,-5.966550238,1.265196252,1.520088743,-0.188920821,-2.596364174,-0.857528903,0.432261113,0.02970399,0.3955638,1.1854401,0.109189943,2.217993521,-3.512623564,-5.085891543,5.085891543,12.66606969
273,-0.243313862,1.195236068,-0.951922206,5.577059196,0.849181611,-1.53129659,-4.894944217,3.517175302,1.320270518,-0.916969568,-3.920476252,-1.021793226,0.392761638,0.275024379,0.354007209,-0.797753642,-0.172386466,6.848339485,-5.878199378,-2.880045127,2.880045127,16.27802707
274,0.775996557,-1.255679376,0.479682819,4.00651212,1.19428061,-1.371154845,-3.829637886,0.461311105,0.343279416,-1.119077107,0.314486586,0.87097718,-0.971139708,0.360099188,-0.25993666,1.335207861,-0.114838382,-1.716613593,0.496244115,-4.656044665,4.656044665,4.915342675
275,1.117587838,-1.032067981,-0.085519857,7.098322432,1.572344234,-2.372101103,-6.298565563,1.97873204,-0.123367401,-0.324013677,-1.531350962,-1.972582089,-0.007080973,1.638791582,0.34087148,1.266165207,0.125615675,1.359052579,-2.75083346,-4.259277082,4.259277082,10.74661025
277,1.185768614,-0.458706691,-0.727061923,5.257848636,0.670030048,-0.17194706,-5.755931624,1.803424506,1.466724648,-0.711108834,-2.55904032,-0.998667068,0.579572424,0.461126588,-0.042031943,1.23209133,0.6831249,1.76317479,-3.67839102,-4.949374114,4.949374114,13.39190491
278,1.175606546,-0.042562668,-1.133043878,3.862120473,0.937646658,0.650396079,-5.45016321,2.974638148,0.435788822,-0.842504152,-2.567922818,-0.866043151,-0.239435059,2.401857497,-1.296379286,-0.040626097,0.819943494,1.988756787,-2.768074185,-3.445959065,3.445959065,12.64452189
279,-1.111330908,1.059063658,0.05226725,5.181684621,1.633652771,-2.216010788,-4.599326604,2.222623197,1.467755515,-0.306080594,-3.384298118,-0.080507508,0.568344678,-0.557967648,0.070130479,-1.088880607,1.009633575,3.945221857,-3.865974826,-4.080366075,4.080366075,12.28523465
280,0.414556744,-0.44346014,0.028903395,5.572327349,1.135710986,-1.925691664,-4.782346671,1.301714417,2.245936184,0.379322638,-3.926973239,-0.967933375,0.380815641,0.161732701,0.425385033,0.530253515,-0.552113117,0.983253146,-0.961393543,-3.529269112,3.529269112,12.55730824
281,0.441057012,0.590123445,-1.031180458,4.995221107,0.776018126,-0.335610097,-5.435629136,2.118441885,1.596692661,-0.544370874,-3.170763672,-2.045363701,-0.271137299,1.241326425,1.075174575,0.359701644,1.419087019,2.330135461,-4.108924123,-3.449162211,3.449162211,14.8270487
282,-0.1934127,0.520983922,-0.327571222,4.501456209,1.264446044,-1.149641766,-4.616260487,0.79514245,1.867800759,0.326638056,-2.989581265,-0.922174852,0.491036437,0.541335615,-0.110197201,-0.233549502,0.249600771,4.099644385,-4.115695654,-5.511659999,5.511659999,12.07233534
284,1.333674146,-0.918620387,-0.415053759,5.796566601,2.179405796,-2.762642292,-5.213330105,1.485172561,0.871729835,-0.361042814,-1.995859582,-1.943704813,-0.203496088,0.204013366,1.943187535,1.692413965,-0.989118117,2.031534139,-2.734829988,-4.929766462,4.929766462,7.925890282
286,1.213630353,-0.231248872,-0.982381481,6.075206777,1.881065876,-1.720996467,-6.235276186,3.355182168,0.409933486,-1.323303343,-2.441812311,-1.633304691,0.697665499,1.184885167,-0.249245975,1.529712316,-0.435792551,2.896356453,-3.990276219,-3.205548011,3.205548011,14.38893723
287,0.984688968,0.245857937,-1.230546905,7.539073648,2.13100576,-3.29060854,-6.379470869,2.303684668,0.150124234,-0.722510151,-1.731298751,-1.70376416,0.484223614,0.866958275,0.352582272,0.420885116,0.187334771,1.444159046,-2.052378933,-3.911027869,3.911027869,9.688464326
288,1.098477748,-0.361810652,-0.736667096,3.907151091,1.730991826,-0.821957187,-4.81618573,0.162037175,0.125370476,-0.073178761,-0.214228891,-0.792594576,0.143035194,-0.210364138,0.859923521,1.052496963,-1.79320039,-1.152729887,1.893433314,-4.132428354,4.132428354,8.633751896
289,0.961072184,-0.103317252,-0.857754932,3.814289807,0.421398254,-1.051121603,-3.184566457,2.984648144,1.991187969,-0.464605616,-4.511230496,1.775555638,0.131131591,-0.134051672,-1.772635557,-0.778228162,0.72793902,4.856784527,-4.806495385,-3.233334953,3.233334953,11.74846485
291,1.547774379,-0.295479639,-1.25229474,5.026609865,1.104772007,-1.482345426,-4.649036445,2.599695412,0.775773601,-0.484426444,-2.89104257,-0.638234868,-0.083415843,0.585894052,0.135756659,0.099729573,0.067329254,2.899973255,-3.067032082,-4.910423338,4.910423338,13.48704072
294,0.048031891,0.230738902,-0.278770793,3.769067903,1.150185305,-1.961804003,-2.957449205,1.856910597,0.641272355,-0.748376232,-1.74980672,-0.922554775,-0.357622184,0.639411449,0.64076551,-0.224573833,-0.18140867,3.778765951,-3.372783447,-5.779879627,5.779879627,10.07295535
295,0.676994586,-0.062594027,-0.614400559,4.102909274,1.716509877,-0.965820518,-4.853598633,3.398647947,0.583321281,-0.697993904,-3.283975324,-0.346998358,-0.587913394,0.484278635,0.450633117,-0.575170055,0.039390098,5.709116397,-5.17333644,-4.491161161,4.491161161,13.21227389
297,0.42338197,0.286235572,-0.709617543,7.068639062,0.855367351,-1.635159995,-6.288846418,3.338458824,1.106611139,-0.629812482,-3.815257481,-0.176189387,0.516732025,0.763232484,-1.103775121,0.770254104,-0.714426512,4.578317494,-4.634145086,-3.017061724,3.017061724,14.74481612
298,0.167817584,-0.767492243,0.599674658,2.693349296,1.384120903,-0.78581113,-3.29165907,0.239727659,0.038248763,0.000841888,-0.278818311,-0.631827584,-0.558884224,0.427772128,0.76293968,0.125474807,-0.265938222,-1.461975524,1.602438939,-6.14749378,6.14749378,4.443824072
299,1.010237585,0.289664908,-1.299902493,6.156662321,1.108531634,-1.20089553,-6.064298425,2.802444397,0.620433779,-0.645698804,-2.777179372,-2.012000194,-0.066278582,0.055558505,2.02272027,1.195323253,-1.073124867,3.601904493,-3.724102879,-4.493136951,4.493136951,12.60590297
300,0.498734262,0.442716498,-0.94145076,6.83945742,1.908402246,-2.587461694,-6.160397973,1.501718729,0.862027892,0.513626804,-2.877373424,-1.564404722,0.501960617,0.370741247,0.691702857,0.227931201,-0.845923613,3.540158971,-2.922166559,-4.416415396,4.416415396,13.05617622
301,0.451848181,0.008619732,-0.460467913,4.633233207,0.618342682,-0.50896156,-4.742614328,2.502491106,0.701772443,-0.501734839,-2.70252871,-1.066867071,-0.291344618,0.505163312,0.853048377,-0.285283401,0.361862581,4.771778345,-4.848357526,-5.42478245,5.42478245,11.94350085
302,1.271568931,0.987787236,-2.259356167,8.24229445,0.899973768,-2.441906888,-6.70036133,1.35095555,1.623959505,-0.052206123,-2.922708931,-1.173981966,-0.082208468,0.824352936,0.431837499,1.32266848,-0.245070643,3.418068202,-4.49566604,-3.999879775,3.999879775,12.76817216
303,-0.199002459,0.723963443,-0.524960984,3.765904128,0.090238094,0.132619189,-3.988761411,2.862312553,0.937594478,-0.284859648,-3.515047383,-1.424428396,-0.061790953,1.053226625,0.432992723,0.012798305,0.458132679,2.931829205,-3.402760189,-4.629622356,4.629622356,12.83718481
305,-0.093838345,-0.361812201,0.455650546,2.816842669,0.964150284,-0.770543557,-3.010449397,0.497713008,0.258824949,0.006910427,-0.763448384,-0.613880826,-0.373933569,0.37555385,0.612260545,-0.031648026,-0.270128298,-0.368121752,0.669898077,-6.234244511,6.234244511,5.341489712
306,0.952719192,-0.041452271,-0.911266922,5.344417873,1.77220695,-1.633671976,-5.482952847,2.622185309,0.642155547,-0.330380017,-2.933960839,0.126154335,-0.214624816,0.129703877,-0.041233395,0.231379782,-0.029519735,4.22632507,-4.428185116,-5.259870021,5.259870021,11.70088069
308,0.227556548,0.574542852,-0.8020994,6.148749272,1.60458327,-2.011908012,-5.74142453,1.352486149,0.104277788,-0.104799738,-1.351964198,-0.849953956,1.061992365,0.060868444,-0.272906853,1.81870119,-1.904653638,1.813742449,-1.727790002,-3.719664351,3.719664351,13.16957846
310,1.229848343,-0.059951415,-1.169896928,5.040436184,1.714243289,-1.583875333,-5.17080414,1.614614817,0.457358829,-0.302817884,-1.769155762,-0.211286868,1.235139604,0.054912547,-1.078765282,0.609887355,0.346469417,0.030503188,-0.98685996,-4.701977595,4.701977595,10.27217148
311,0.707400757,-0.039185977,-0.66821478,2.437937563,1.004520537,0.794971745,-4.237429845,3.78098762,0.283033399,-1.059696592,-3.004324426,-1.269957603,-0.028445155,0.126566789,1.171835968,0.262612578,-0.752353989,2.613825364,-2.124083952,-3.128843248,3.128843248,12.63636851
312,0.089660522,-0.522175738,0.432515217,5.07757689,2.207677103,-1.688149534,-5.597104459,2.473900819,0.684799506,-0.649678505,-2.509021819,-1.422683997,-0.226928609,0.399944748,1.249667858,0.211587483,0.682221269,2.85622801,-3.750036762,-4.632196758,4.632196758,11.89126137
314,1.868870386,-0.492149995,-1.37672039,6.425664985,-0.099804441,-1.455497219,-4.870363325,2.184685145,0.420249469,0.220698479,-2.825633094,-0.63940942,0.927244942,-0.260898471,-0.02693705,2.461982927,-1.768236927,3.725530442,-4.419276442,-3.700477468,3.700477468,14.24940529
315,0.281598018,0.201446997,-0.483045014,7.600822208,1.094129149,-2.344553944,-6.350397412,1.088458101,0.632879573,0.326707066,-2.04804474,-0.921007266,-0.665774429,1.612874834,-0.026093139,1.805854813,-0.937715466,1.895599258,-2.763738605,-2.97965218,2.97965218,11.85875799
317,-0.598655784,0.185807916,0.412847868,5.159341549,1.866888222,-1.940946708,-5.085283062,2.931320835,0.703564173,-1.131101686,-2.503783322,-0.515493495,-0.127545911,0.856229192,-0.213189787,-0.050208274,-0.586288105,5.208610124,-4.572113745,-4.786645974,4.786645974,10.18028381
318,0.116853992,-0.686030889,0.569176897,5.79232336,1.308769458,-1.271896699,-5.829196119,1.077564107,0.709616906,-0.017464186,-1.769716826,-0.693142092,0.090784038,0.330983206,0.271374848,1.099902655,-1.440163369,2.858258303,-2.517997589,-4.278490458,4.278490458,13.75818403
319,1.193133801,-1.409643824,0.216510023,4.085535118,2.078978617,-1.544026051,-4.620487685,1.035628636,-0.23289616,-0.313646562,-0.489085914,-1.74979202,0.559927374,0.018575145,1.171289501,1.685409703,-1.396839072,-1.178803687,0.890233055,-4.965110314,4.965110314,8.97268203
320,1.052766549,-0.52429045,-0.5284761,7.158192301,1.302960483,-0.914338885,-7.546813899,1.98151716,0.553130446,0.206285008,-2.740932614,-0.531729635,0.379075415,1.037301808,-0.884647588,2.033516703,0.055113307,1.903989055,-3.992619065,-4.388984954,4.388984954,13.30012879
322,0.486423578,-0.209262401,-0.277161177,5.539546268,1.485622038,-2.326632377,-4.698535929,2.114244958,1.272560135,-1.639805561,-1.746999533,-0.859904307,0.138908345,0.30068513,0.420310831,0.254578294,-1.175932418,2.711026806,-1.789672683,-3.734324381,3.734324381,12.99511088
323,0.662399726,-0.020862016,-0.64153771,6.392505889,1.486375696,-1.818598649,-6.060282936,2.890167833,0.723360493,-0.737207857,-2.87632047,0.883108961,0.238505601,0.307996471,-1.429611032,0.729379504,-0.21381829,3.572625559,-4.088186773,-3.325301596,3.325301596,14.88006095
324,1.280685072,0.04252382,-1.323208892,5.042424004,2.845361593,-1.938707387,-5.949078209,3.627871002,0.260194705,-0.916444157,-2.971621549,-2.698759433,-0.388503888,1.583199462,1.504063859,1.282430778,-0.844862757,4.409148719,-4.84671674,-3.506918603,3.506918603,12.04549727
325,1.490738762,-0.482450207,-1.008288555,3.863907284,0.439631526,-0.333441122,-3.970097688,2.102018238,0.784819833,0.20131706,-3.088155131,-1.176414151,0.273109603,0.65194338,0.251361168,0.814442877,-0.112449516,3.349618085,-4.051611447,-5.31429657,5.31429657,13.05093567
327,1.20213905,-0.60714346,-0.59499559,5.70262976,1.810300813,-1.192986401,-6.319944171,2.758602585,0.757095317,-1.008399992,-2.50729791,-0.873094345,-0.724524607,0.774705323,0.822913629,0.291610619,0.714153191,3.548050595,-4.553814405,-4.859781532,4.859781532,12.36847193
328,0.01661996,-0.327285941,0.310665981,5.658163061,1.683320658,-1.731328649,-5.61015507,0.666866435,0.207313783,-0.132599079,-0.741581139,-1.16612962,-0.036171535,0.424166772,0.778134383,0.826015328,0.19922578,-1.490468806,0.465227698,-5.13346058,5.13346058,9.637260211
329,0.330442081,0.888665894,-1.219107976,6.798412623,1.258489661,-2.167015345,-5.889886939,0.408374195,1.384088522,0.83575497,-2.628217687,-1.403494508,0.588712795,0.047192153,0.76758956,0.742123368,-0.926555687,1.494918272,-1.310485952,-4.681202584,4.681202584,11.23866743
331,-0.465208826,0.305748055,0.159460772,2.17638514,0.607667881,0.454388667,-3.238441688,1.806120031,0.055435578,-0.709303387,-1.152252223,-0.51649855,-0.691518068,1.001893102,0.206123516,-0.555412343,1.060063074,0.025405581,-0.530056311,-5.636686476,5.636686476,6.818441781
333,1.205449954,0.135980836,-1.34143079,6.925521444,1.266274486,-1.766185567,-6.425610363,2.762908946,1.439903585,0.259395181,-4.462207712,-0.563790797,1.272236964,0.032561234,-0.7410074,2.238647001,-0.860949567,3.829891923,-5.207589356,-2.92988502,2.92988502,15.92391383
336,-0.373759306,0.543382159,-0.169622853,5.10014518,0.490310758,-1.186362367,-4.404093571,1.784035421,0.5784839,-0.025377479,-2.337141842,-1.095294933,1.015506194,0.385095251,-0.305306512,0.578328163,-2.456366994,5.351693183,-3.473654352,-4.694012256,4.694012256,11.65050222
337,1.076748738,-0.307454786,-0.769293952,4.854861225,1.709755227,-1.565628816,-4.998987636,2.983571025,-0.029439341,0.465999963,-3.420131646,-1.971734854,-0.302294778,0.138629225,2.135400408,1.726304491,-3.10356097,3.17928325,-1.802026771,-2.461433615,2.461433615,12.0731489
340,-0.206325299,0.225726215,-0.019400916,4.566728082,0.844095346,-0.53775369,-4.873069737,2.972735782,0.486598747,0.142374289,-3.601708818,-1.034730566,1.118105474,0.8996796,-0.983054508,-0.605092588,-0.353279985,3.601343308,-2.642970735,-3.848053074,3.848053074,12.37887025
341,1.249165534,0.208742188,-1.457907722,6.21109539,2.022736503,-2.580011194,-5.653820699,1.457759584,0.682714755,0.327985522,-2.468459861,-1.521575494,-0.579452384,0.099414294,2.001613584,0.858850914,-1.210406462,4.679370968,-4.32781542,-4.706623489,4.706623489,12.29892548
342,0.113703321,-0.725332625,0.611629303,2.459405812,0.978913419,-0.631957937,-2.806361295,0.639991102,0.031331506,-0.062919755,-0.608402854,-0.536827037,-0.43378369,0.463265099,0.507345629,0.097310669,-0.078473496,-0.989044578,0.970207406,-6.221034644,6.221034644,4.615155041
343,0.817320379,-0.124970015,-0.692350364,6.291240332,1.795989761,-2.71331346,-5.373916632,1.121746416,1.021232564,0.551426313,-2.694405293,-1.02994595,0.681713298,-0.252315399,0.600548051,0.156505918,-0.845842376,1.828892562,-1.139556103,-4.78979465,4.78979465,11.59455142
344,0.024562257,0.395451318,-0.420013575,4.772048276,1.547749689,-1.993670495,-4.326127471,1.94899377,1.433161705,-0.707401887,-2.674753588,0.187621376,0.024136252,-0.218713112,0.006955484,-0.530034743,-0.871403841,4.442436421,-3.040997836,-5.319181058,5.319181058,10.41836085
345,0.778421953,-1.457252164,0.678830211,3.938737273,0.988494348,-0.977432288,-3.949799332,0.695252644,-0.028979941,-0.727523682,0.061250979,0.306494293,-0.167664576,-0.072302032,-0.066527684,-0.226512547,-0.666239044,-1.411871707,2.304623297,-5.077125749,5.077125749,7.081368065
346,0.903710701,0.260389414,-1.164100116,7.080957535,0.573603374,-1.013561396,-6.640999513,1.320540805,0.922257612,-0.290909588,-1.951888829,-0.479742391,0.177233919,0.491725565,-0.189217093,-0.322761057,1.854860056,1.68647246,-3.218571458,-3.517851918,3.517851918,13.36160359
347,-0.118187115,-0.084565706,0.20275282,6.913060681,3.175479619,-3.656853963,-6.431686337,1.624749523,0.422593512,-0.800838072,-1.246504963,-0.838756613,0.253758253,0.360253825,0.224744535,0.580302061,-0.565605193,2.477606522,-2.492303391,-3.581281772,3.581281772,11.78176754
348,-0.299979128,-0.530640279,0.830619407,2.412007373,1.290998735,-0.727937141,-2.975068967,0.440645177,0.043465729,0.048083235,-0.532194141,-0.848923868,-0.45240184,0.362930194,0.938395514,-0.044383287,-0.285231335,-1.330227398,1.659842019,-6.183237849,6.183237849,4.22754782
349,0.979534719,-1.13556589,0.156031171,3.650325893,1.707497249,-0.181952658,-5.175870484,2.79634864,-0.366412865,-1.01871072,-1.411225055,-1.196962011,-0.543805339,1.103525408,0.637241942,1.827156219,-0.757514524,2.089821916,-3.159463611,-4.842458179,4.842458179,10.47664198
351,0.327209032,0.771243848,-1.09845288,3.942092153,0.007377316,-1.059094661,-2.890374808,3.826107362,0.18979695,-1.297539904,-2.718364408,-0.022462625,1.226647675,-0.063546045,-1.140639005,-0.07187909,-1.339289652,4.810377225,-3.399208483,-3.037599198,3.037599198,12.02876199
352,0.696810218,-0.621821095,-0.074989123,6.000398878,1.167921756,-1.030922314,-6.13739832,3.322920535,0.468346447,-0.160467669,-3.630799313,-1.160827806,-0.137865191,2.109889368,-0.811196371,2.227190284,-0.186791088,2.727857212,-4.768256408,-3.498841251,3.498841251,13.59180539
355,1.54881482,-0.520491095,-1.028323724,5.723952711,1.864848999,-1.265661553,-6.323140156,3.180727059,0.143383818,-0.417091761,-2.907019116,-0.993241123,0.386249064,1.016871449,-0.409879391,1.796532607,-0.940339744,4.593272153,-5.449465016,-3.766789959,3.766789959,14.59400842
356,0.898634893,-0.671740919,-0.226893974,3.061096657,1.993913941,-1.584877322,-3.470133277,0.965178358,-0.161360796,-0.213908168,-0.589909393,-1.115106134,-0.658756136,0.312913407,1.460948863,0.079228079,-1.209094434,1.186667548,-0.056801194,-5.735528373,5.735528373,6.760013106
358,0.709002424,-0.913288177,0.204285753,6.145197787,0.534035792,-1.452632648,-5.226600931,1.286472736,0.121467484,0.57432954,-1.98226976,0.444570698,-0.248265535,0.6879019,-0.884207064,0.028441625,-0.603045526,4.019590663,-3.444986762,-4.45521637,4.45521637,9.915196617
361,0.850790653,0.028471633,-0.879262285,6.702652765,2.285984121,-2.55478764,-6.433849246,2.065797924,1.445881479,-0.167490545,-3.344188858,-1.553611225,-0.481435009,1.211309841,0.823736394,1.045917303,0.134786291,3.105625652,-4.286329246,-4.264181193,4.264181193,13.25459108
363,0.396647916,0.582561545,-0.97920946,6.396051567,1.322343428,-2.006493509,-5.711901486,1.06505875,0.793594979,1.315483687,-3.174137417,-1.832650206,0.43502568,0.543275693,0.854348833,2.34561149,-1.564045316,2.033222948,-2.814789122,-5.13354761,5.13354761,11.19035212
364,0.415753637,0.604229806,-1.019983443,6.144867067,1.082702903,-1.800285249,-5.427284721,0.312975962,1.829116582,0.603752156,-2.745844699,-1.308640817,-1.098622275,0.338082549,2.069180542,0.747498506,0.552453497,1.698959534,-2.998911537,-4.993064971,4.993064971,9.788610214
365,0.841662094,-0.625471327,-0.216190767,8.122312316,0.591575323,-2.527779637,-6.186108001,0.94521801,0.785099632,0.505592091,-2.235909733,-0.612313401,0.318481198,-0.074402691,0.368234894,1.350687164,-0.716019166,1.794323838,-2.428991835,-4.533622869,4.533622869,10.63241177
369,1.050014525,-0.421343793,-0.628670732,6.103449319,-0.002827229,-0.984393847,-5.116228243,1.793040071,0.24289041,-0.595568926,-1.440361554,-0.79410615,0.90354952,0.927651235,-1.037094606,0.070912265,-1.552552491,3.859751272,-2.378111046,-3.968540541,3.968540541,10.77726671
370,0.400624876,-0.075393665,-0.325231211,7.023518273,2.475173596,-2.936063138,-6.562628731,1.385127244,0.871913373,-0.074332998,-2.18270762,-0.935388229,0.198553764,0.125796957,0.611037508,0.421183656,-0.08217129,1.663805999,-2.002818365,-4.694282153,4.694282153,12.29009246
372,0.070761845,-0.451319802,0.380557958,2.694256746,1.050728127,-0.753742754,-2.991242119,0.306310093,0.316538349,-0.119263332,-0.503585111,-0.380840656,-0.55922321,0.127894352,0.812169514,0.096123859,-0.307449576,-0.883280193,1.09460591,-6.185940166,6.185940166,4.426391959
373,0.542240442,0.298020994,-0.840261436,6.548127546,1.088188501,-1.430048835,-6.206267211,2.614736956,0.465332217,-0.01917733,-3.060891844,-1.8679999,-0.133195455,1.119825934,0.881369421,0.765148924,0.510156953,2.760954016,-4.036259892,-4.875250004,4.875250004,11.87663722
375,0.997295605,-0.202630309,-0.794665296,5.511271694,1.12282445,-1.399621715,-5.234474429,0.278658005,0.547155863,0.511899044,-1.337712912,-2.00588082,-0.434059047,0.828667584,1.611272283,-0.067356766,-0.009348909,0.059176962,0.017528712,-5.017540694,5.017540694,10.1265189
376,0.81686786,-0.757084785,-0.059783075,4.264233227,1.199726082,0.041273992,-5.505233301,1.771626288,1.120836002,-0.860993589,-2.031468702,0.168501073,0.396113302,1.389728175,-1.95434255,0.906611205,-0.142703853,2.34948425,-3.113391602,-3.076402551,3.076402551,14.26328135
377,0.043263893,-0.109438834,0.066174941,5.95116659,2.010805747,-1.456602843,-6.505369494,2.372684284,0.517252213,-0.982161532,-1.907774965,-1.374433527,-0.337599566,1.277902777,0.434130316,0.038982947,0.590945303,2.262315289,-2.892243539,-4.402724119,4.402724119,12.66479484
378,0.300869646,0.416477821,-0.717347468,5.468675256,0.718100299,-1.775226715,-4.41154884,1.173823939,1.258491533,-0.664748132,-1.76756734,-1.079469368,-0.012164847,0.273679649,0.817954566,-0.499097315,-0.249061685,2.846976543,-2.098817543,-4.548640542,4.548640542,13.06638095
379,-0.278063705,0.396829255,-0.11876555,5.495749077,1.336408981,-2.114199549,-4.717958508,2.210637277,1.693111416,-1.081091718,-2.822656975,-0.771567975,0.334650963,0.799986286,-0.363069275,-0.919305864,0.825112338,3.693700737,-3.599507212,-4.466656491,4.466656491,13.47963371
381,1.190347109,0.338373323,-1.528720432,6.667559952,2.43403198,-2.492197929,-6.609394004,2.473057816,1.092748998,0.160623182,-3.726429997,-1.711209893,0.84300116,0.073903251,0.794305482,0.856939508,-0.700686347,4.174608154,-4.330861315,-2.83866799,2.83866799,16.14036452
386,-0.508857153,-0.540364765,1.049221918,4.657464857,1.564707216,-0.526681888,-5.695490185,1.817311951,0.500108027,-0.82014742,-1.497272558,-1.269198033,-0.716601441,1.447183119,0.538616354,0.333038527,-1.067833491,1.920888596,-1.186093632,-3.884679051,3.884679051,12.1264299
387,1.001730282,0.551116787,-1.552847069,6.597398953,1.836417127,-1.958257113,-6.475558967,1.271466461,1.216707595,0.359149032,-2.847323089,-1.465644759,-0.497841744,0.911113096,1.052373407,1.671185656,-0.630306295,2.656970267,-3.697849628,-4.264546798,4.264546798,13.27847844
391,1.130492177,-1.395750488,0.265258311,6.562184958,1.6329735,-2.055837998,-6.13932046,2.908018897,-0.22834031,0.027076244,-2.706754831,0.108716876,0.082513493,0.544942437,-0.736172806,2.136629131,-0.674576398,2.252913113,-3.714965845,-4.228057967,4.228057967,11.25300104
393,-0.618962275,-0.108944229,0.727906504,2.125195617,1.537251938,-0.71901545,-2.943432105,-0.040513689,-0.274723748,0.815910709,-0.500673272,-0.05966481,-0.160029338,-0.199350531,0.419044679,-0.154318583,-0.916187338,-2.548417362,3.618923283,-5.304176229,5.304176229,4.82997421
394,0.593379602,-0.818374871,0.224995269,5.9853614,1.699908614,-2.66701808,-5.018251935,2.103768321,0.820352734,-0.246365799,-2.677755256,-1.223141787,-0.143518874,0.475097958,0.891562702,0.231295487,-0.730492491,4.228472273,-3.729275269,-4.776634282,4.776634282,12.79572565
395,-0.209072967,0.314422357,-0.105349389,4.548666849,2.410834546,-1.51796425,-5.441537145,1.154456803,0.951736715,0.782378227,-2.888571746,-0.968930954,-0.95983326,0.979499465,0.949264748,1.080739789,0.06355856,2.550416659,-3.694715007,-4.993448593,4.993448593,11.24335555
396,0.616120311,-0.392132698,-0.223987613,4.930697651,2.577982305,-1.852923446,-5.655756509,3.38093436,0.508511176,-0.702716122,-3.186729415,-0.93054041,-0.094402565,0.575919395,0.449023579,0.972610879,0.163261765,1.922877144,-3.058749788,-4.41575124,4.41575124,11.6211622
397,0.780271998,-0.40432243,-0.375949568,7.038775919,1.048766222,-1.113050158,-6.974491983,1.784256817,0.818147727,-0.457062401,-2.145342144,-1.13815946,0.051710659,0.490931529,0.595517272,0.564938867,-1.294107,3.753411045,-3.024242912,-3.315805169,3.315805169,14.64236411
398,0.666598679,-0.115655071,-0.550943608,7.207585699,1.542440994,-2.551190999,-6.198835694,2.372785783,0.863979705,-0.549027254,-2.687738234,-1.204410417,0.023131802,1.024652207,0.156626408,1.444758016,-0.978582972,4.911023458,-5.377198502,-4.358610518,4.358610518,12.84783028