"resp.id","accessibilitymobile","accessibilityweb","authenticationmulti_factor","authenticationsimple","authenticationtwo_factor","customisationhigh","customisationlow","customisationmedium","videomulti_person","videoone_to_one","noneTRUE","noneFALSE","adopters"
2,-0.0505652951056781,0.0505652951056781,-0.293748082015574,-0.060824855850151,0.354572937865724,0.442945499240303,-0.94188023080413,0.498934731563827,-0.229716294072152,0.229716294072152,-1.0291951494439,1.0291951494439,6.46579008499669
3,0.124347306296645,-0.124347306296645,0.131818614730575,-0.0703590115171099,-0.061459603213465,0.647640779094369,-0.983740368642011,0.336099589547642,-0.000623490882576031,0.000623490882576031,-1.01740362942657,1.01740362942657,6.43199849600771
4,-0.0709257004322747,0.0709257004322747,-0.337978281200353,0.30165422040561,0.036324060794743,0.551845316317264,-0.864476714650854,0.31263139833359,0.327833053778143,-0.327833053778143,-1.02790502817681,1.02790502817681,7.25385991294534
5,0.421249268793424,-0.421249268793424,0.209599685370784,-0.55893280186845,0.349333116497668,1.07159949325155,-1.01301507679918,-0.0585844164523684,0.113673378826074,-0.113673378826074,-1.196122863221,1.196122863221,4.55357589926938
6,0.121389727897064,-0.121389727897064,-0.542413794386945,-0.0517721891286213,0.594185983515565,0.763204880023307,-1.00005285133164,0.236847971308333,-0.123030846905145,0.123030846905145,-1.180115214626,1.180115214626,5.4841777849135
7,-0.0989361607610025,0.0989361607610025,0.544954900128668,-0.193487440502173,-0.351467459626494,0.655091161691053,-0.831937908753113,0.176846747062061,0.410501589560428,-0.410501589560428,-0.174441624657605,0.174441624657605,7.45092168832336
8,0.199314865882101,-0.199314865882101,0.113578292728171,-0.261082836019443,0.147504543291273,1.06194709793269,-1.41960355864508,0.357656460712384,0.273886012820122,-0.273886012820122,-1.1052130117193,1.1052130117193,6.48705985105225
9,-0.154311016333182,0.154311016333182,-0.0556787644601206,-0.133609998307304,0.189288762767424,0.807859773489392,-1.01883098837938,0.210971214889983,0.243516455529509,-0.243516455529509,-1.04350630117078,1.04350630117078,7.07991436721187
10,0.118688163642728,-0.118688163642728,0.568029511684281,-0.786353185878348,0.218323674194066,1.15198250059349,-1.19980447358059,0.0478219729871047,0.568137078088555,-0.568137078088555,-1.18667797740351,1.18667797740351,5.07329967294348
11,-0.487000473712343,0.487000473712343,-0.399978177602081,0.224118200517955,0.175859977084125,0.759266282084441,-0.650767579775497,-0.108498702308944,0.109405883515374,-0.109405883515374,-1.07707581380651,1.07707581380651,5.83370185052032
13,0.308295602747059,-0.308295602747059,0.0951246492329225,-0.568896792350063,0.47377214311714,0.524290263746379,-0.54456197752265,0.0202717137762705,0.439931597350068,-0.439931597350068,-1.12736559087328,1.12736559087328,3.65320524100053
14,-0.0857462399035558,0.0857462399035558,0.244678850953951,-0.448986791131884,0.204307940177933,0.623262241223154,-1.14634037310337,0.523078131880218,0.400988148141492,-0.400988148141492,-1.05426044539172,1.05426044539172,5.22210555749653
15,-0.241230511307671,0.241230511307671,0.0658627337968943,-0.256862936626243,0.191000202829349,0.376568208984341,-0.922344825913283,0.545776616928942,0.418630356549902,-0.418630356549902,-0.996812894097656,0.996812894097656,6.23377191724032
16,0.109956228077822,-0.109956228077822,0.104576580741095,-0.559505356562093,0.454928775820998,0.681451053275626,-0.753571575153911,0.0721205218782858,0.0922168706213243,-0.0922168706213243,-1.04963675392151,1.04963675392151,7.06860775371969
17,-0.162129906614128,0.162129906614128,0.460535258955422,-0.165679937818778,-0.294855321136644,0.941716790405918,-0.698227788460491,-0.243489001945425,0.410586274163632,-0.410586274163632,-0.920331976471501,0.920331976471501,5.05057032565766
18,-0.593855675819456,0.593855675819456,0.710830730001067,-1.05145247476241,0.340621744761336,0.547331609821596,-0.442611363506216,-0.10472024631538,0.0124557358843397,-0.0124557358843397,-0.951028748110621,0.951028748110621,3.95054323376928
19,-0.286811376527162,0.286811376527162,0.862966506000965,-0.352417579743778,-0.510548926257186,0.76614366448695,-0.637124638279541,-0.12901902620741,0.255044425526098,-0.255044425526098,-0.186015901336414,0.186015901336414,3.68553025376016
20,-0.100287164073581,0.100287164073581,0.0726594098679795,-0.048829659301012,-0.0238297505669677,0.846091409508043,-0.782340684411644,-0.0637507250963984,0.250323519195893,-0.250323519195893,-1.01593482264927,1.01593482264927,7.39365346475493
21,-0.22380595982845,0.22380595982845,-0.0331134366530036,0.0494031387972494,-0.0162897021442457,0.899510576350549,-1.07613889583822,0.17662831948767,-0.147741768065483,0.147741768065483,-1.05287953725985,1.05287953725985,7.2743889228625
22,0.053100673457758,-0.053100673457758,0.102011691788947,-0.26011375312863,0.158102061339683,0.992502693103553,-1.07294297637558,0.0804402832720271,0.139283147261851,-0.139283147261851,-0.00324784172616708,0.00324784172616708,5.75375277101501
23,0.135132079167075,-0.135132079167075,0.103929286354968,-0.199255321331962,0.095326034976993,0.513608811668698,-0.653853929579616,0.140245117910919,0.0833324497097611,-0.0833324497097611,0.0365402717221857,-0.0365402717221857,5.82095874661159
24,-0.257758041254144,0.257758041254144,0.577391117971129,-0.45453825636105,-0.122852861610079,0.61380438144951,-0.664948984251587,0.0511446028020784,0.881360682653298,-0.881360682653298,-1.03204738856769,1.03204738856769,5.35751730101109
26,-0.195796232037805,0.195796232037805,0.223227302950552,-0.367631588373897,0.144404285423345,0.555607893585197,-0.628755799293106,0.0731479057079103,0.362228820448352,-0.362228820448352,-0.152143619442596,0.152143619442596,3.87397666048746
27,-0.29121766854473,0.29121766854473,-0.0217690734877126,-0.0491783549719966,0.0709474284597093,0.856027080526559,-0.892657982483316,0.0366309019567568,0.432669719611012,-0.432669719611012,-1.06318574943323,1.06318574943323,6.8072764640265
28,0.123159993849912,-0.123159993849912,-0.0658409728213607,0.0761713746475197,-0.0103304018261591,0.948548900644566,-1.16681651554724,0.218267614902678,0.210027614367955,-0.210027614367955,-0.994958715561143,0.994958715561143,7.11606591008723
29,-0.102908547370716,0.102908547370716,-0.397295234356551,-0.122724306294425,0.520019540650977,1.24680536454477,-1.16704121926277,-0.0797641452819987,0.087625827794927,-0.087625827794927,-1.10273307065598,1.10273307065598,6.42551443685822
31,0.0502874435157361,-0.0502874435157361,-0.131120784152631,0.11104612023608,0.0200746639165511,0.462750454223057,-0.729267440116661,0.266516985893604,-0.0159817750997869,0.0159817750997869,-0.935212146710141,0.935212146710141,6.68365718463907
32,-0.18939544484533,0.18939544484533,0.167436029319388,-0.270618118287629,0.103182088968241,0.997292075383367,-0.809993287701368,-0.187298787681998,0.168231793962601,-0.168231793962601,-1.06307607632821,1.06307607632821,6.77007282537575
33,-0.488947449196468,0.488947449196468,-0.329716227396062,-0.0126264751574281,0.342342702553491,0.708830782474336,-0.733204811773629,0.0243740292992931,0.684284551122364,-0.684284551122364,-1.06417277398303,1.06417277398303,6.63893948605785
35,-0.123633891354736,0.123633891354736,0.598959740685689,-0.671342605299673,0.0723828646139814,0.53921480546767,-0.611243167860403,0.0720283623927325,0.80736011058633,-0.80736011058633,-0.987587532500441,0.987587532500441,5.93076341232851
36,-0.39220296549701,0.39220296549701,0.483506425205883,-0.492842586017077,0.00933616081119445,0.7977556349351,-0.678983870143383,-0.118771764791715,0.252531172268031,-0.252531172268031,-0.931478228629119,0.931478228629119,6.4302047038917
37,-0.208104559836624,0.208104559836624,-0.0679022639358557,0.0897643362908409,-0.0218620723549851,0.423905322135387,-0.803244584729664,0.379339262594278,0.128506725275819,-0.128506725275819,-1.10598196428832,1.10598196428832,4.51374887733618
38,-0.0853906306641017,0.0853906306641017,0.16904818271528,-0.470258355909594,0.301210173194313,0.757238358807562,-1.36354822099298,0.606309862185417,0.0768284308612795,-0.0768284308612795,-1.05359876740645,1.05359876740645,6.74849687727881
39,0.0424453060895852,-0.0424453060895852,0.193513957608004,-0.120987020216942,-0.0725269373910622,0.329646209273722,-0.385570661946629,0.0559244526729066,0.524949390454042,-0.524949390454042,-0.96879986162993,0.96879986162993,5.55140842655037
41,0.154508779524176,-0.154508779524176,-0.0732917243105212,-0.0961134846411966,0.169405208951718,0.371927364241905,-0.18362628874144,-0.188301075500466,0.646114060690568,-0.646114060690568,-0.100477685046094,0.100477685046094,4.95192012614941
42,0.158327529224633,-0.158327529224633,0.316616866755201,-0.366973332834384,0.0503564660791822,1.09431791559119,-1.21454791068817,0.120229995096974,0.171647662144118,-0.171647662144118,-1.00759921559149,1.00759921559149,6.97236830713154
43,-0.163276487971937,0.163276487971937,0.0530682597537101,-0.031141216309875,-0.0219270434438351,0.901583737889251,-0.69641765558947,-0.205166082299779,0.276623386515357,-0.276623386515357,-1.07821669854546,1.07821669854546,7.22411949434394
44,0.314832721829738,-0.314832721829738,-0.231723263533512,0.0347501377131635,0.196973125820349,0.883512266072677,-1.01715562724045,0.133643361167776,0.134547453963846,-0.134547453963846,-1.09258302033389,1.09258302033389,6.164341299225
45,0.315893468911869,-0.315893468911869,-0.530488135166187,0.321555519496191,0.208932615669998,-0.161972649369961,-0.46745241609224,0.6294250654622,-0.173773770641296,0.173773770641296,-1.10840516648771,1.10840516648771,5.13767031916398
46,0.0300476675799308,-0.0300476675799308,0.604089109963789,-0.102529067595272,-0.501560042368516,0.354703701732857,-0.735580156709071,0.380876454976213,0.296071882770827,-0.296071882770827,-0.0808042156710583,0.0808042156710583,5.58930712318115
47,-0.0501255503132811,0.0501255503132811,0.862308343885692,-0.782613243003785,-0.0796951008819068,0.74254002831269,-0.797885564954378,0.0553455366416873,-0.10669494968315,0.10669494968315,-0.870516508438476,0.870516508438476,6.57019380750431
48,0.00828593415951238,-0.00828593415951238,0.259637066563608,-0.447387183392263,0.187750116828653,0.284179090736313,-0.719621980886033,0.435442890149719,0.218515340464749,-0.218515340464749,-0.898466781437896,0.898466781437896,7.72110869698487
49,-0.361675191409082,0.361675191409082,0.242855688836766,-0.729908660859997,0.48705297202323,0.631145669846281,-1.07959029637663,0.448444626530349,0.203752578376906,-0.203752578376906,-1.0065464080584,1.0065464080584,6.86555778604653
50,0.00249311686479223,-0.00249311686479223,0.389753631935984,-0.470751857080639,0.0809982251446546,0.80272237943944,-0.574740802154324,-0.227981577285117,0.351786754921926,-0.351786754921926,0.187892892500075,-0.187892892500075,5.98027237987242
51,-0.410457883844441,0.410457883844441,0.641265007334333,-0.514589255622422,-0.126675751711911,0.854875979081601,-1.08544242475952,0.230566445677917,0.422203418302998,-0.422203418302998,-1.10426531125154,1.10426531125154,6.19879259388453
52,-0.26192442119905,0.26192442119905,0.517965155049611,-0.709166241879324,0.191201086829713,0.420955827267723,-0.74548695327567,0.324531126007946,0.331345504370519,-0.331345504370519,-0.970231511489902,0.970231511489902,7.32135678357302
53,-0.137585662677682,0.137585662677682,0.622165361392372,-0.733813778388579,0.111648416996207,1.08653496080738,-1.47793821068996,0.391403249882577,0.442419347443609,-0.442419347443609,-1.04663823744683,1.04663823744683,6.88631244442751
54,0.258276802857143,-0.258276802857143,0.524600978487904,-0.920388561907989,0.395787583420086,0.307345288357865,-0.496857721279171,0.189512432921306,0.336825639212089,-0.336825639212089,-1.02166345987535,1.02166345987535,5.86330656334569
55,-0.0703660757994516,0.0703660757994516,0.422498464606909,-0.536586822936686,0.114088358329777,0.301529732921626,-0.382203380591659,0.0806736476700333,0.194267620417489,-0.194267620417489,-0.898588889124703,0.898588889124703,7.00836498863661
56,-0.146778073491191,0.146778073491191,-0.630526337208411,0.152571414434541,0.477954922773871,0.528988283236138,-0.994832645859482,0.465844362623345,-0.0882793260381069,0.0882793260381069,-1.10096506830006,1.10096506830006,5.80169468377333
57,0.578786022012644,-0.578786022012644,-0.299745495794321,0.236644861619565,0.0631006341747558,0.447343429986314,-0.545823845604544,0.0984804156182292,0.244559201960467,-0.244559201960467,-1.16956999289247,1.16956999289247,4.43152771657995
58,0.0414374610576287,-0.0414374610576287,-0.0906165308987237,0.0413526701831722,0.0492638607155513,0.909657100188288,-1.57344954027055,0.663792440082262,0.168779009947996,-0.168779009947996,-1.08893428540966,1.08893428540966,6.59452303105565
60,-0.328988818984225,0.328988818984225,0.0375084662601329,0.16828416608405,-0.205792632344183,0.846302689496675,-0.736514817613756,-0.10978787188292,0.579458960657225,-0.579458960657225,-1.09739575581613,1.09739575581613,4.83227258491724
61,-0.0176465399053699,0.0176465399053699,0.413190874796863,-0.510193267927581,0.0970023931307199,0.88737728440214,-1.10217746851228,0.214800184110143,0.388622801611375,-0.388622801611375,-1.13290094791635,1.13290094791635,5.26213634978848
62,-0.294345857336702,0.294345857336702,0.0547501821643202,0.0329128613694934,-0.0876630435338138,0.322025333754309,-0.757638599907824,0.435613266153512,0.132363790171624,-0.132363790171624,-1.10376128367416,1.10376128367416,3.36671394876767
63,-0.0330861844783076,0.0330861844783076,0.374183295703616,-0.348253238200439,-0.0259300575031773,1.04889506660597,-0.923983522367766,-0.124911544238203,0.319701158516956,-0.319701158516956,-0.897467546447995,0.897467546447995,5.87995237360486
64,-0.348908582068501,0.348908582068501,0.26395786496504,-0.588384473175058,0.324426608210019,0.677412718211244,-1.20172628581425,0.524313567603007,0.200981488387987,-0.200981488387987,-0.3341194321815,0.3341194321815,5.45963787693348
65,-0.0711088014588325,0.0711088014588325,0.253185036238493,-0.00129819666761127,-0.251886839570881,0.971985704625506,-0.872164078703891,-0.0998216259216147,0.101607618076223,-0.101607618076223,-0.967634423816478,0.967634423816478,5.85719260005088
68,-0.168097445692178,0.168097445692178,0.273045723005343,0.0988626434728219,-0.371908366478164,0.291405417123591,-0.130610096953892,-0.160795320169698,0.562710646778532,-0.562710646778532,-0.96117371076806,0.96117371076806,5.19196910878664
69,-0.493160167165144,0.493160167165144,0.216114872384898,-0.0709422334226895,-0.145172638962208,1.00624839656572,-1.1452632201691,0.139014823603382,0.32059705418894,-0.32059705418894,-1.00872488240397,1.00872488240397,7.10504433269916
70,-0.179425924733702,0.179425924733702,0.525078883439213,-0.547525196176444,0.0224463127372319,0.503803126140675,-0.89129222043814,0.387489094297462,0.112425540817935,-0.112425540817935,-0.0155554915177218,0.0155554915177218,6.84231178454437
71,0.117437873237681,-0.117437873237681,0.348175426824389,-0.598679180866779,0.25050375404239,0.625850434726254,-0.949177493171187,0.323327058444931,-0.0661615550729268,0.0661615550729268,-1.0925539697565,1.0925539697565,5.24199163928793
72,-0.0259134486200899,0.0259134486200899,0.415736347624922,-0.384719325271806,-0.0310170223531161,0.610935340568695,-0.762987928703219,0.152052588134522,0.303904787861963,-0.303904787861963,-1.05258229658944,1.05258229658944,4.35611211083245
73,-0.728439157486006,0.728439157486006,-0.250924852530255,0.0957893124949517,0.155135540035303,0.199183362620504,-0.516587697316263,0.317404334695758,0.447446094464232,-0.447446094464232,-0.957133399330553,0.957133399330553,4.76607247090238
74,0.148966664127448,-0.148966664127448,0.326043301665052,-0.360082509704657,0.034039208039605,0.631461293044687,-0.711037195662299,0.0795759026176108,0.00736258929154625,-0.00736258929154625,-0.957227195093785,0.957227195093785,6.46632600456575
75,-0.0874709563035894,0.0874709563035894,0.595761102945688,-0.328107530167118,-0.267653572778571,0.754388735779052,-1.1196058701267,0.36521713434765,0.351956952340039,-0.351956952340039,-1.05418155224799,1.05418155224799,4.43152216551412
76,0.0798891608006465,-0.0798891608006465,-0.444456505792003,0.457391178152048,-0.0129346723600438,0.685737350691433,-0.757534493587734,0.0717971428962984,-0.0145642258947501,0.0145642258947501,-1.09971904978433,1.09971904978433,5.95481450951552
77,0.101560439569853,-0.101560439569853,0.345008001196162,-0.489409739198733,0.144401738002572,0.306384554950786,-0.336736948151368,0.0303523932005824,0.18184693889711,-0.18184693889711,-0.958119490499101,0.958119490499101,6.07146012436076
78,-0.115564890352921,0.115564890352921,-0.150188377969643,-0.0958853826728414,0.246073760642485,0.542152475693852,-0.246663213321281,-0.29548926237257,0.646656252139162,-0.646656252139162,-1.01893497834555,1.01893497834555,6.0554894230115
79,-0.190973420725318,0.190973420725318,-0.459205105879631,0.613228648710212,-0.154023542830582,0.620827718183857,-0.799205059561558,0.1783773413777,0.00935674545636524,-0.00935674545636524,-0.977847817169847,0.977847817169847,7.02971930349439
80,-0.323432826736014,0.323432826736014,0.016697751335325,-0.157758732986645,0.141060981651319,0.709525366101459,-0.876258604473673,0.166733238372214,0.159567667227999,-0.159567667227999,-0.982058048530789,0.982058048530789,6.38414036598082
81,-0.311695523006006,0.311695523006006,0.306895715447857,0.122903888855481,-0.429799604303337,1.02606259379509,-1.12763858093068,0.101575987135588,0.477940043899022,-0.477940043899022,-0.225653099229783,0.225653099229783,3.72732682536877
82,0.161844619161257,-0.161844619161257,0.365705455774953,-0.812824546098742,0.447119090323787,0.386416500241573,-0.409705319207568,0.0232888189659952,0.312610647177559,-0.312610647177559,-0.964638534619571,0.964638534619571,6.7613004413223
83,-0.116265266571758,0.116265266571758,-0.16417822978414,0.218027182802041,-0.0538489530179002,0.344145794356882,-0.414997907711085,0.0708521133542035,0.294240660061188,-0.294240660061188,-0.902889917785063,0.902889917785063,7.17359447591242
84,-0.0583541318862277,0.0583541318862277,0.343332400390339,-0.778765028310895,0.435432627920556,0.964405222791911,-0.946059802343835,-0.0183454204480754,0.514227249977072,-0.514227249977072,-1.08286960254247,1.08286960254247,5.38638393065939
86,0.181768602388415,-0.181768602388415,-0.0645640595280572,0.304069145159685,-0.239505085631628,0.413037552804193,-0.302061732139987,-0.110975820664205,0.031375725644619,-0.031375725644619,-0.938034774235004,0.938034774235004,5.5100915163103
87,0.136036374466314,-0.136036374466314,0.198388560048997,-0.221786092024003,0.0233975319750054,0.774489347734096,-1.46273481709766,0.688245469363562,0.198107352902791,-0.198107352902791,-1.1350945764268,1.1350945764268,6.93598932425082
88,-0.00393496212502826,0.00393496212502826,0.17804779107037,-0.118255007841696,-0.0597927832286735,0.131511168809667,-0.210452242039563,0.0789410732298951,0.0635360918934636,-0.0635360918934636,-0.198915217306688,0.198915217306688,3.93076875621998
90,-0.101386203668656,0.101386203668656,0.198496892269683,-0.408939445583582,0.210442553313899,0.436583471212441,-1.18942681048482,0.752843339272379,0.062889511679285,-0.062889511679285,-1.18831074187052,1.18831074187052,7.18792539291144
91,-0.268386406726374,0.268386406726374,-0.43686927151088,0.190375084264012,0.246494187246868,0.591645779038392,-0.664045831169177,0.0724000521307862,0.228087380525906,-0.228087380525906,-0.978477131802686,0.978477131802686,7.2966576666917
92,-0.105664762101827,0.105664762101827,-0.958203964053552,0.440203685580935,0.518000278472618,0.301080122866338,-0.487317221735429,0.18623709886909,0.104743994304166,-0.104743994304166,-1.1008112549087,1.1008112549087,4.83932322151356
93,-0.249264679501039,0.249264679501039,0.47776115762256,-0.871230737931892,0.393469580309336,0.68603813860726,-1.36581924343417,0.679781104826909,-0.0558914235199505,0.0558914235199505,-1.09613262138226,1.09613262138226,6.7717595720571
94,0.0147888587685535,-0.0147888587685535,0.521388077630627,0.00864313362448448,-0.530031211255113,1.05508177150114,-0.826404269372992,-0.228677502128153,-0.205072422819384,0.205072422819384,-0.079528252166906,0.079528252166906,4.34510356702005
95,-0.00730671924416293,0.00730671924416293,0.160347536929599,-0.246281175945986,0.0859336390163861,0.233544325502159,-0.943415471713993,0.709871146211833,0.324396102758289,-0.324396102758289,-0.918021356788092,0.918021356788092,7.43398448367786
96,0.20432601252258,-0.20432601252258,-0.435012989739377,-0.00463385879294351,0.439646848532321,0.868638598757067,-0.932561912810302,0.0639233140532332,0.328004524580868,-0.328004524580868,-1.1412789614673,1.1412789614673,4.97949762244441
97,0.317348297759185,-0.317348297759185,0.157565978679725,-0.537342512505169,0.379776533825443,0.869951575756316,-0.793801120677057,-0.076150455079261,0.226211341341568,-0.226211341341568,-1.20320955000079,1.20320955000079,4.06743684846681
98,-0.264581976369396,0.264581976369396,-0.208077625189194,0.0250815425969744,0.182996082592219,0.21059649675642,-1.0383595486236,0.827763051867182,0.140761280414203,-0.140761280414203,-1.12514366559454,1.12514366559454,6.71184470603972
99,0.0766403542714824,-0.0766403542714824,0.0244308270475315,0.015351630411459,-0.0397824574589906,0.835826247657637,-1.11364144785067,0.277815200193032,0.440889260830701,-0.440889260830701,-1.13264437398828,1.13264437398828,6.13578730375487
100,-0.0497204825209777,0.0497204825209777,0.352443625049467,-0.352270993371108,-0.000172631678360035,0.463342998673847,-0.642470142691021,0.179127144017173,0.288312838000863,-0.288312838000863,-0.948771164691283,0.948771164691283,6.27884821043904
101,-0.302354288161469,0.302354288161469,-0.231431193469028,0.23263900050169,-0.00120780703266326,0.678260314539738,-1.03197267744014,0.3537123629004,0.290793215705905,-0.290793215705905,-1.1293588697967,1.1293588697967,5.24098398960223
103,-0.474729321397818,0.474729321397818,-0.358032997278023,0.241275152576038,0.116757844701985,0.948086529612829,-0.372680521271676,-0.575406008341151,0.0181937427519321,-0.0181937427519321,-0.87755566018122,0.87755566018122,6.17669973049821
104,-0.242466044649649,0.242466044649649,0.333180638161496,-0.75622386955278,0.423043231391285,0.0602881575585649,-0.697459224989474,0.63717106743091,0.242033428604353,-0.242033428604353,-0.971327676476256,0.971327676476256,5.63795960948728
105,-0.363936330611979,0.363936330611979,0.331798202581659,-0.370073314700394,0.038275112118736,0.780590369573351,-1.06122809077682,0.280637721203471,0.158083738553877,-0.158083738553877,-0.959511196744911,0.959511196744911,7.36582761757612
106,-0.144806556671375,0.144806556671375,0.6137250002075,-0.485513320229667,-0.128211679977834,0.605754546506456,-0.785765914666727,0.18001136816027,0.370445595248201,-0.370445595248201,-0.911653586920673,0.911653586920673,7.40336268129876
107,-0.314080692049768,0.314080692049768,0.562781163130664,0.101639863877476,-0.664421027008141,0.21182297574628,-0.0744388666350556,-0.137384109111224,0.373639619795833,-0.373639619795833,-0.840494064793588,0.840494064793588,6.16481315168936
108,0.0914302586302302,-0.0914302586302302,0.882274065406655,-1.09032076916609,0.208046703759437,0.389749181886291,-0.435787285147804,0.0460381032615141,0.66902661151538,-0.66902661151538,-0.899722596817405,0.899722596817405,6.24281866401096
109,-0.0306114914545705,0.0306114914545705,0.344131852734255,-0.146436561672969,-0.197695291061288,0.359557772960289,-1.0985802163986,0.73902244343831,0.154292508255152,-0.154292508255152,-0.940327100158174,0.940327100158174,6.03440686847133
110,0.124859166687953,-0.124859166687953,0.303365526123348,-0.0909217060948935,-0.212443820028454,0.376977147092406,-0.418360562095769,0.0413834150033631,0.757227373537652,-0.757227373537652,-1.03033340982477,1.03033340982477,4.39583521094826
111,-0.230101508738744,0.230101508738744,0.439661861398103,-0.361087597691,-0.0785742637071023,0.252446597096652,-0.990109063428519,0.737662466331869,0.240238386410979,-0.240238386410979,-0.0891059648437569,0.0891059648437569,5.1129389024032
112,-0.419734785863206,0.419734785863206,-0.217754471209232,-0.0151137132286548,0.232868184437886,0.552293113541738,-0.521546515275468,-0.0307465982662697,0.371747250571196,-0.371747250571196,-1.03802556114612,1.03802556114612,7.38833230636337
113,0.181562460698507,-0.181562460698507,0.480381947444497,-1.04743723774186,0.567055290297362,0.0364597740836175,-0.827962640217282,0.791502866133665,0.12706287935388,-0.12706287935388,-1.16581283282169,1.16581283282169,3.25916326141869
114,-0.147709034076523,0.147709034076523,0.0045503969475607,0.159268199782012,-0.163818596729573,0.245343570755233,-0.616795898791635,0.371452328036403,0.358854791756946,-0.358854791756946,-0.991749854074191,0.991749854074191,6.37560672861757
115,-0.145786821686416,0.145786821686416,-0.679174853891106,0.0925186496418746,0.586656204249234,0.389213291950856,-0.0192598914293964,-0.36995340052146,0.227313351845714,-0.227313351845714,-1.01865825673273,1.01865825673273,4.96964329503771
116,-0.159867167777965,0.159867167777965,-0.395750856333388,0.412973351773757,-0.0172224954403682,0.705107786492411,-0.623145140110762,-0.0819626463816498,0.0673355353106419,-0.0673355353106419,-1.02895040144729,1.02895040144729,6.09606564985416
117,-0.198512203478537,0.198512203478537,0.0876308181562522,-0.148459595557674,0.0608287774014216,0.162869498031205,-0.982857178867942,0.819987680836736,-0.521101500774608,0.521101500774608,-1.09117282176326,1.09117282176326,6.09482636854273
118,-0.232029585026081,0.232029585026081,0.148200000674827,0.125239709354312,-0.273439710029139,0.594430680338198,-0.851060445203044,0.256629764864844,0.4039824659962,-0.4039824659962,-0.926473934068918,0.926473934068918,7.01447588067397
119,0.300987886227006,-0.300987886227006,0.496576653848626,-0.570557636750356,0.0739809829017292,0.312954249542625,-0.684044015715651,0.371089766173027,-0.341895162656976,0.341895162656976,-0.945147458398144,0.945147458398144,5.81645147897394
120,0.124399272578826,-0.124399272578826,0.144542557760486,0.350874388225863,-0.49541694598635,0.660715707732746,-0.740967159716908,0.08025145198416,0.224404429557301,-0.224404429557301,-0.961478815915252,0.961478815915252,6.03065695040877
121,-0.335181868858418,0.335181868858418,0.0209362376451161,-0.0824549962314452,0.061518758586329,1.04857085286656,-0.892865288863295,-0.155705564003263,0.686582871331678,-0.686582871331678,-1.06891009905947,1.06891009905947,6.2478906755959
122,-0.0785815212548314,0.0785815212548314,-0.190046157839374,-0.414274724048217,0.604320881887589,0.752427388436024,-0.833130595354023,0.0807032069180014,0.460709386101772,-0.460709386101772,-1.10482902716504,1.10482902716504,6.51849314722096
123,0.0212998469672093,-0.0212998469672093,-0.148534631510577,-0.257878403072118,0.406413034582695,0.596928231163389,-0.56215321145544,-0.0347750197079483,-0.135756029980568,0.135756029980568,0.385627273420566,-0.385627273420566,7.50885589832747
124,-0.686376731603392,0.686376731603392,0.0126303777079406,0.032976770380133,-0.0456071480880737,0.608309179024422,-1.38668599861657,0.778376819592142,-0.328253742111213,0.328253742111213,-1.01718576549277,1.01718576549277,5.21269554907297
125,-0.38721905841204,0.38721905841204,-0.0790346022439627,-0.149282801596526,0.228317403840489,0.982924661233859,-1.07177238793374,0.0888477266998847,0.55847378580097,-0.55847378580097,-0.317589643410132,0.317589643410132,5.38812936555425
126,0.310311930743842,-0.310311930743842,-0.383697003106649,0.257451430502832,0.126245572603818,0.370548060642011,-0.606041010094401,0.235492949452388,-0.0202943086574406,0.0202943086574406,-0.98514604030294,0.98514604030294,7.1439027919327
127,-0.102075221837493,0.102075221837493,0.135153304147889,-0.0552113501906443,-0.0799419539572451,0.182975409842142,-0.759180783691853,0.57620537384971,0.363073168794249,-0.363073168794249,-1.06269720940558,1.06269720940558,6.28363200476415
128,-0.0988234304597009,0.0988234304597009,-0.494847311719159,0.443630966277655,0.051216345441504,0.728195074386095,-0.735947016151431,0.00775194176533436,0.269603348880626,-0.269603348880626,-1.17393703611994,1.17393703611994,5.28144150653931
130,0.0914966051227081,-0.0914966051227081,0.118634163416096,-0.159323967294346,0.0406898038782499,0.795392163435873,-1.19173420758227,0.396342044146399,0.26803941102798,-0.26803941102798,-1.07513521352672,1.07513521352672,6.49687546553258
131,-0.187377340463468,0.187377340463468,0.110856497154357,-0.0541372198310014,-0.0567192773233554,0.60100667247875,-0.732970197995725,0.131963525516976,-0.364844503630148,0.364844503630148,-1.0322897505764,1.0322897505764,3.43512904377983
132,0.211084256194786,-0.211084256194786,-0.348378388715856,-0.244471068633559,0.592849457349412,0.697550310337788,-0.506791079524088,-0.190759230813703,0.34500554660849,-0.34500554660849,-1.16388217527939,1.16388217527939,5.80200470005447
133,-0.0128293628753363,0.0128293628753363,0.151080265478929,-0.667017627980973,0.515937362502043,1.01188924512558,-1.03501610951639,0.0231268643908109,0.290246014843578,-0.290246014843578,-0.986446678866976,0.986446678866976,6.17199851478452
135,0.372404138486576,-0.372404138486576,0.635032643758829,-0.227790196169413,-0.407242447589415,0.376561384683197,-0.123715985299095,-0.252845399384103,0.224768242512254,-0.224768242512254,-1.00910581111963,1.00910581111963,2.56056580910431
136,-0.0115115886042515,0.0115115886042515,-0.137286996177901,-0.0256517991250186,0.162938795302919,0.60767529745351,-0.481654755642995,-0.126020541810515,-0.059588797349498,0.059588797349498,-1.00522810320988,1.00522810320988,4.74802871407623
137,0.203414292134021,-0.203414292134021,0.111514993211954,0.494969870097917,-0.606484863309869,0.0300184310999371,-0.171638486167925,0.141620055067988,0.331310097682317,-0.331310097682317,-0.554578310082098,0.554578310082098,2.21334406664598
138,0.155805196072911,-0.155805196072911,0.643160843691542,-0.502557962768777,-0.140602880922767,0.287305503126353,-0.630209234533366,0.342903731407014,0.514284236048057,-0.514284236048057,0.215445168211202,-0.215445168211202,4.46351588709905
140,-0.0072913027811229,0.0072913027811229,0.251215727685461,-0.417780702696306,0.166564975010844,1.18199526115508,-1.59410896093203,0.41211369977695,0.238900792822047,-0.238900792822047,-1.23830518019458,1.23830518019458,6.32279434733107
141,-0.178425887177535,0.178425887177535,-0.00240074930371839,-0.300918638418339,0.303319387722059,0.419099832840841,-0.0668938183894075,-0.352206014451435,0.5849171368871,-0.5849171368871,-0.957604713768893,0.957604713768893,4.75160593428129
142,0.128236819307687,-0.128236819307687,-0.0296218074650448,-0.547247279594222,0.576869087059268,0.582818444636563,-0.363388596355823,-0.21942984828074,-0.00960038555766513,0.00960038555766513,-1.03914836332214,1.03914836332214,4.84721634537262
143,-0.43239031843343,0.43239031843343,0.147202988548573,-0.382634157069235,0.235431168520662,0.73308078867211,-1.2001192802266,0.467038491554492,-0.0119146218453244,0.0119146218453244,-0.984727189125979,0.984727189125979,7.51002770397467
144,-0.314133621986482,0.314133621986482,0.498147749859554,-0.614677530300138,0.116529780440583,0.819402904940723,-1.35379974142229,0.534396836481567,0.169874192252538,-0.169874192252538,-1.02448739705381,1.02448739705381,6.90640388621049
145,-0.30032485620563,0.30032485620563,0.177132258176911,-0.18916742955655,0.0120351713796392,1.29257323050176,-1.2274158274127,-0.0651574030890679,0.14429143156613,-0.14429143156613,-0.174695690600449,0.174695690600449,4.46145583741537
146,0.211664571997344,-0.211664571997344,0.186455018067668,-0.367265922841975,0.180810904774307,1.219970769461,-1.24271940879248,0.0227486393314772,0.55119203582574,-0.55119203582574,-1.01649441269926,1.01649441269926,6.53162710067417
147,0.00391565812688917,-0.00391565812688917,0.427431051713322,-0.0904818704207615,-0.336949181292561,0.132453682401962,-0.182919869195427,0.0504661867934654,0.629637778332102,-0.629637778332102,-0.401359155071065,0.401359155071065,3.67710359135171
148,-0.0197027920140714,0.0197027920140714,-0.229652317825305,-0.363090164169359,0.592742481994665,0.0555777990410172,-0.130877108888014,0.0752993098469966,0.226480744070506,-0.226480744070506,-1.01172814627681,1.01172814627681,6.6537535907458
149,0.00559174393275686,-0.00559174393275686,0.18019402673876,-0.249106144354401,0.0689121176156411,0.232327792058805,-0.457172335969489,0.224844543910685,0.705078002069959,-0.705078002069959,-1.01873004525712,1.01873004525712,4.77475847444809
150,0.160584635902113,-0.160584635902113,-0.0725224049397243,-0.157843673025161,0.230366077964885,0.898148748011295,-1.02849352410582,0.130344776094527,0.160628674649228,-0.160628674649228,-0.979494117822321,0.979494117822321,7.59545502729078
151,-0.0882463610133187,0.0882463610133187,0.400620533702945,-0.518556651226748,0.117936117523801,0.28360038680795,-0.627897810448213,0.344297423640263,-0.25847515873987,0.25847515873987,-0.967983351436177,0.967983351436177,7.04102607423576
152,-0.0106295039659456,0.0106295039659456,-0.238351463334991,0.0129981063061172,0.225353357028874,0.924112841760526,-0.817004054754549,-0.107108787005978,-0.211754041408549,0.211754041408549,-1.03622831536412,1.03622831536412,7.55085828859792
153,-0.29462603220021,0.29462603220021,0.698824073996062,-0.460249291739099,-0.238574782256964,-0.0958950932983755,0.335342511147128,-0.239447417848752,0.116473297508851,-0.116473297508851,0.921334601433823,-0.921334601433823,3.1304269922742
154,0.113629591206811,-0.113629591206811,0.0369898070846253,-0.48251403702388,0.445524229939255,0.338290176347756,-0.805038061980571,0.466747885632817,-0.11052796792165,0.11052796792165,-1.00811804374086,1.00811804374086,7.20251728497554
155,-0.0515468402552022,0.0515468402552022,0.110522314917296,-0.154105136974262,0.0435828220569657,0.518320541724719,-1.19381957023222,0.6754990285075,-0.16630098582924,0.16630098582924,-0.971829601238037,0.971829601238037,6.98985648192872
156,-0.143211132287476,0.143211132287476,0.496324945565107,-1.07605640423634,0.57973145867123,0.558768602803806,-0.890978529725628,0.332209926921819,0.173297942502179,-0.173297942502179,-1.16474241732173,1.16474241732173,4.96928296568346
157,-0.400857120117289,0.400857120117289,0.463339961450134,-0.129230908020392,-0.334109053429743,0.77212213043163,-1.23689014708529,0.464768016653654,0.322097754127241,-0.322097754127241,-1.02787664327551,1.02787664327551,6.26108650802665
158,-0.264320226809999,0.264320226809999,0.0480331512832754,-0.220342195549143,0.172309044265868,0.487639191800305,-0.772674740987383,0.285035549187078,0.242687624556008,-0.242687624556008,-1.02534066049535,1.02534066049535,7.18516129287541
159,-0.161703275417975,0.161703275417975,0.246799569330394,-0.0852985004412244,-0.16150106888917,0.75900695566939,-1.61924383366975,0.860236878000358,0.170208531559883,-0.170208531559883,-1.07444057867076,1.07444057867076,5.43807731437934
160,-0.270116337457876,0.270116337457876,-0.286888051160928,0.255716175278322,0.0311718758826062,0.959840047874555,-1.09876372270224,0.138923674827688,0.0904952994416776,-0.0904952994416776,-1.07449317753162,1.07449317753162,6.84905078588269
162,-0.487112620713761,0.487112620713761,-0.059607249395405,0.0077035818274585,0.0519036675679466,0.74531681289958,-0.702760489919042,-0.0425563229805371,0.227257463377501,-0.227257463377501,-0.948724183606757,0.948724183606757,6.12218217034441
163,0.0536863606448186,-0.0536863606448186,0.467928612726765,-0.464639865678769,-0.00328874704799504,0.893624610459867,-0.782768625066336,-0.11085598539353,0.049113789202713,-0.049113789202713,-0.954060963488218,0.954060963488218,7.01646147097143
164,-0.180287397803208,0.180287397803208,0.371428418615018,-0.0805525352501793,-0.290875883364839,0.301684852215734,0.344938438493583,-0.646623290709317,0.56864433313535,-0.56864433313535,-0.822149549599455,0.822149549599455,4.75675157977041
165,-0.258444922110357,0.258444922110357,0.337248743413179,-0.581872423016816,0.244623679603636,0.714810039955868,-0.88499678693926,0.17018674698339,0.216214574651572,-0.216214574651572,-1.0160971263455,1.0160971263455,7.66764194087003
166,-0.467851069833554,0.467851069833554,0.377333552417803,-0.369389122011839,-0.00794443040596365,0.407921350762344,-0.903457739951735,0.495536389189392,0.596983942025626,-0.596983942025626,-1.04489173402022,1.04489173402022,5.89670924749982
167,-0.366932188518331,0.366932188518331,0.506139171873791,-0.646528461316256,0.140389289442465,0.517650732774854,-0.662083467877962,0.144432735103109,0.415131118921156,-0.415131118921156,-1.00697439877066,1.00697439877066,7.03906422691832
168,-0.126654916540764,0.126654916540764,0.0959513699578381,-0.197643831669923,0.101692461712085,0.756041580508964,-1.02599822526265,0.269956644753683,0.400033077220613,-0.400033077220613,-1.03379513605959,1.03379513605959,7.62362408764758
169,-0.501077035792181,0.501077035792181,0.136706188245533,0.0230548979741535,-0.159761086219687,0.281616954462619,-0.540043740522031,0.258426786059411,0.17868320301146,-0.17868320301146,-1.03540491675504,1.03540491675504,5.21741014292023
170,-0.431154695354724,0.431154695354724,0.292736809036124,-0.130442542675519,-0.162294266360604,0.0743925909987397,-0.511368736968069,0.436976145969328,0.19247337767722,-0.19247337767722,-0.877605793957758,0.877605793957758,5.19125570883918
171,-0.109600059899229,0.109600059899229,-0.221344320183231,0.291140141833386,-0.0697958216501548,0.444297861457816,-0.819397235248437,0.375099373790621,0.323048495108752,-0.323048495108752,-1.15857476215662,1.15857476215662,4.93971107168956
172,-0.21611023498591,0.21611023498591,0.0260056831422617,0.258991550683478,-0.284997233825741,0.0343291859628898,-0.407034973541121,0.37270578757823,0.260924201548622,-0.260924201548622,-0.0662613942745049,0.0662613942745049,5.83569743393108
173,-0.460170966901057,0.460170966901057,0.00397275434297631,-0.366706154913726,0.362733400570749,0.992713955721112,-1.0535256611488,0.0608117054276892,-0.174859511072171,0.174859511072171,-1.1342799032921,1.1342799032921,6.48501086668589
174,0.0281437213694739,-0.0281437213694739,-0.0888977253051701,0.161257596433375,-0.0723598711282046,0.490436647481327,-0.553523911653252,0.0630872641719241,0.0440514460281267,-0.0440514460281267,-0.999257567922259,0.999257567922259,5.53138416619261
175,0.140681031254029,-0.140681031254029,0.409410417570854,-0.232900910697367,-0.176509506873486,1.20493553792364,-0.908203179561206,-0.296732358362435,-0.0318369886423187,0.0318369886423187,0.231830293978066,-0.231830293978066,5.86646355401299
176,0.246139285191046,-0.246139285191046,-0.31557349397223,-0.127991539381397,0.443565033353627,0.777187024116558,-0.748862145709797,-0.0283248784067615,0.679516781060423,-0.679516781060423,-1.07982802944592,1.07982802944592,5.41241173172398
177,-0.27928796361222,0.27928796361222,0.362049591486371,-0.484916506844755,0.122866915358384,0.751448417918122,-0.728682881610688,-0.0227655363074339,0.437812926488348,-0.437812926488348,-0.874773239568692,0.874773239568692,7.12987221935545
178,0.0512035627312898,-0.0512035627312898,-0.053894858998999,0.316366592281893,-0.262471733282894,0.323395478132985,-0.518626536519695,0.19523105838671,0.127703133133855,-0.127703133133855,-1.00733653742624,1.00733653742624,4.87732031599957
179,-0.296248721630366,0.296248721630366,-0.0184588337663509,-0.10671140636645,0.125170240132801,1.34838529611374,-1.06167990088815,-0.286705395225589,0.339672072258871,-0.339672072258871,-1.0808683643163,1.0808683643163,6.43215480950735
180,-0.148376849306622,0.148376849306622,0.203700681011254,-0.264941656648027,0.0612409756367736,0.914563714210173,-0.931216127500393,0.0166524132902219,0.307473290953122,-0.307473290953122,-0.986687867824695,0.986687867824695,6.22560500413111
181,0.108281233124555,-0.108281233124555,0.346892899336907,-0.507570898511214,0.16067799917431,0.646484872672006,-0.845807212099595,0.199322339427592,0.0289084298812782,-0.0289084298812782,-0.899153857911662,0.899153857911662,7.55070131316173
183,-0.212840945286384,0.212840945286384,0.701577666843636,-0.594109307400841,-0.107468359442797,1.08230347801271,-0.984675659084921,-0.097627818927791,0.150775289687753,-0.150775289687753,-0.820952649027991,0.820952649027991,7.23568498973658
184,-0.207652483587404,0.207652483587404,0.247904594429829,-0.554228701179439,0.30632410674961,0.876333640469663,-0.651251610361278,-0.225082030108386,0.121736080115075,-0.121736080115075,-0.0519978779313903,0.0519978779313903,6.66120786589173
186,-0.513772393334421,0.513772393334421,0.694896072867201,-0.654184542612877,-0.0407115302543222,0.241428600717666,-0.332644223887161,0.091215623169497,0.413272296868616,-0.413272296868616,0.925590193133512,-0.925590193133512,4.68195579655726
187,0.120728617003725,-0.120728617003725,0.01132141570332,-0.411968417121722,0.400647001418402,0.814811563168019,-0.809728404650285,-0.00508315851773253,0.118675554622415,-0.118675554622415,-1.02698941337196,1.02698941337196,6.6938493007684
188,-0.402412662883144,0.402412662883144,-0.472169266549306,0.353300915571987,0.11886835097732,0.189391606100453,-0.235331613861236,0.0459400077607826,0.278835212439206,-0.278835212439206,-0.981741565184443,0.981741565184443,5.24369245594926
189,0.168355935259126,-0.168355935259126,-0.147914261834218,0.0964251037988982,0.0514891580353195,0.679908540316196,-0.659839474865885,-0.0200690654503101,0.458378347857058,-0.458378347857058,-0.960992435807867,0.960992435807867,6.82240419759261
190,-0.177690262639567,0.177690262639567,0.0355370243030756,-0.252588465929875,0.217051441626799,0.438067316544798,-0.259094717060314,-0.178972599484483,-0.344552290883732,0.344552290883732,-0.88493301699173,0.88493301699173,5.93556941391876
191,-0.0542012060735758,0.0542012060735758,0.129588623447941,0.147052378948531,-0.276641002396473,0.76645891055637,-0.436832063889445,-0.329626846666926,0.0919617354077276,-0.0919617354077276,-0.990661599350383,0.990661599350383,6.61093230741393
192,-0.399975308923563,0.399975308923563,-0.584379211352569,0.405229499460923,0.179149711891646,0.504162444138693,-0.386125177688265,-0.118037266450428,0.499021590995938,-0.499021590995938,-1.02730874997843,1.02730874997843,6.6339747410718
194,-0.239022284085911,0.239022284085911,0.265875446740921,-0.336028656521143,0.0701532097802228,1.19676706457331,-1.07240666120643,-0.124360403366873,0.298045464950382,-0.298045464950382,-1.096785677217,1.096785677217,7.52385920524536
195,0.121617621577602,-0.121617621577602,0.16372476431515,-0.403538343882676,0.239813579567526,1.35563384877772,-1.43672574924584,0.081091900468127,0.408491166847445,-0.408491166847445,-1.11164262578084,1.11164262578084,4.62659266377411
196,-0.364417392600111,0.364417392600111,-0.0537911255198868,-0.160838661579978,0.214629787099865,0.623591500959588,-0.896852515784606,0.273261014825023,0.404150636235764,-0.404150636235764,-1.05288639292485,1.05288639292485,5.84009929999847
197,-0.0758741414670521,0.0758741414670521,0.246096741898206,-0.476979969488112,0.230883227589906,0.861024788367332,-0.862447320933898,0.00142253256656614,0.219471211563046,-0.219471211563046,-1.02143135395051,1.02143135395051,4.87335233581777
198,-0.474073223758599,0.474073223758599,0.135089191000157,-0.141761049094395,0.00667185809423853,0.731820402725815,-1.07379249146118,0.341972088735369,-0.175205329898192,0.175205329898192,-0.951002133881101,0.951002133881101,7.30286327035223
199,-0.0149315415867866,0.0149315415867866,0.0726149217016779,-0.601186181414647,0.528571259712969,0.903576842941052,-0.626868796545422,-0.276708046395627,0.0287805751707871,-0.0287805751707871,-1.01749296234521,1.01749296234521,6.57117909455343
200,-0.162921053970081,0.162921053970081,-0.221740529698735,0.0651112390222411,0.156629290676494,0.175400874227695,-0.408288354242978,0.232887480015282,0.0472540871576551,-0.0472540871576551,-0.909473951897317,0.909473951897317,6.52010179605706
201,0.0677481346622964,-0.0677481346622964,0.117508660687653,-0.396932400489049,0.279423739801396,0.613656202140132,-0.818471002751063,0.204814800610932,0.225952479426178,-0.225952479426178,-0.98008202827871,0.98008202827871,7.61583524406469
202,0.327204404621673,-0.327204404621673,-0.520007005655025,-0.12076975496965,0.640776760624677,-0.156643176916155,-0.0667740940480755,0.22341727096423,0.156994436519525,-0.156994436519525,-1.01068539567506,1.01068539567506,4.48786534078283
203,-0.0690406344625902,0.0690406344625902,0.86009538322747,-0.707956145549415,-0.152139237678056,0.241020461763582,-0.609791400944315,0.368770939180734,0.738683717224532,-0.738683717224532,-0.912657107891775,0.912657107891775,5.70859510117606
205,0.240244077710198,-0.240244077710198,-0.735086659056844,0.115565738099037,0.619520920957806,0.451672548901587,-0.317811403033706,-0.133861145867882,0.36497145845759,-0.36497145845759,-1.06242109134947,1.06242109134947,7.03698794782695
206,0.319714995124758,-0.319714995124758,-0.150250186024004,-0.0288059255649845,0.179056111588988,0.369000494109715,-0.409599732672309,0.0405992385625943,0.308540665884804,-0.308540665884804,-0.932174940705398,0.932174940705398,6.72841397837364
207,-0.0160789488482358,0.0160789488482358,-0.119977301013017,-0.00200880188164747,0.121986102894664,0.25722281793199,-0.874776592259534,0.617553774327546,0.0314169656470051,-0.0314169656470051,-0.98417644648627,0.98417644648627,6.27820318760379
208,-0.204084491864937,0.204084491864937,0.359013488844643,-0.151615795021047,-0.207397693823596,0.617928528549918,-0.966325017889271,0.348396489339355,0.211366471041255,-0.211366471041255,-0.968129869881357,0.968129869881357,6.9394252563489
209,-0.644119002092607,0.644119002092607,0.0175664110336075,-0.208590898470557,0.191024487436949,0.241105810110865,-0.631088121411781,0.389982311300916,0.00448946048407637,-0.00448946048407637,-0.936309012994456,0.936309012994456,7.36296353121635
210,0.0332299938190866,-0.0332299938190866,0.182834580316081,-0.047194460067323,-0.135640120248758,0.701651508187816,-0.986343012050679,0.284691503862864,0.236574588774478,-0.236574588774478,-1.10993438774266,1.10993438774266,6.06234909035632
211,-0.232556891313583,0.232556891313583,0.196612523160101,-0.226402513565275,0.0297899904051736,0.339618788176894,-0.776190734260316,0.436571946083422,0.186509824504741,-0.186509824504741,-0.982110891721181,0.982110891721181,6.54015884291707
212,-0.193308307612059,0.193308307612059,0.609961640028323,-0.672928651008333,0.0629670109800108,0.887339182960875,-1.29400887011787,0.406669687156989,0.168005716994318,-0.168005716994318,-1.03909685743459,1.03909685743459,7.13967970427984
213,-0.472765902900262,0.472765902900262,0.0470413647078071,-0.091441891519631,0.0444005268118241,0.956802845770529,-1.26137870461079,0.304575858840259,0.178433993997339,-0.178433993997339,-1.0917231526219,1.0917231526219,7.28365101663838
214,0.124800610123528,-0.124800610123528,0.299834301729083,-0.734114500794495,0.434280199065411,0.626490571009481,-0.985715959282345,0.359225388272864,-0.112810208020794,0.112810208020794,-0.992391738031209,0.992391738031209,7.53983276838816
217,0.0576038104694694,-0.0576038104694694,-0.0553772879958087,-0.204287380689986,0.259664668685795,1.25633877179118,-0.774548876750127,-0.481789895041055,0.161000985907927,-0.161000985907927,-0.996971986551944,0.996971986551944,7.2394695790521
219,0.214956774221919,-0.214956774221919,-0.0341674026124705,-0.144619010052962,0.178786412665432,-0.108416910563445,-0.295734921627142,0.404151832190587,0.254252721347483,-0.254252721347483,-0.999694374790171,0.999694374790171,5.69934338746129
220,-0.530175126969117,0.530175126969117,0.227310143575207,-0.143401899805114,-0.0839082437700935,0.549532989175811,-0.468470010139006,-0.081062979036805,0.504605382906856,-0.504605382906856,-0.95396860734818,0.95396860734818,5.77887565743126
221,-0.170855337305496,0.170855337305496,-0.479819161307193,0.0613951776484478,0.418423983658746,0.554767986369592,-0.413593390347207,-0.141174596022385,0.290574432786837,-0.290574432786837,-0.990174151355043,0.990174151355043,6.94099637181861
222,0.0698297966034534,-0.0698297966034534,0.156501422825307,-0.27364947735241,0.117148054527102,0.640428518788907,-0.748977593219563,0.108549074430656,0.249898028639771,-0.249898028639771,-1.00993995823708,1.00993995823708,7.20138655806952
223,0.0711344436710031,-0.0711344436710031,-0.174595678736609,-0.121445272369326,0.296040951105934,0.300542042848522,-0.257555151479149,-0.0429868913693735,-0.268143022883792,0.268143022883792,-0.995151175906133,0.995151175906133,5.19984363643149
224,-0.153075613498584,0.153075613498584,-0.0951910873954726,0.28950745531855,-0.194316367923076,0.387245471923992,-0.171630964075197,-0.215614507848793,0.442960026816978,-0.442960026816978,-0.890936311503585,0.890936311503585,4.93546184849354
225,-0.128444611013627,0.128444611013627,0.443080852941759,-0.483905715206202,0.0408248622644409,0.335856839870419,-1.04294310071797,0.707086260847552,0.180673854785843,-0.180673854785843,-0.92205699098034,0.92205699098034,6.53162929443944
226,0.306799202213899,-0.306799202213899,0.543632562938782,-0.115272469533807,-0.428360093404973,0.0537503850152361,-0.0108613970500836,-0.0428889879651525,0.0372943761874986,-0.0372943761874986,0.11922160785088,-0.11922160785088,3.2166939392048
227,-0.636003549776523,0.636003549776523,-0.258252557005941,0.365579255030008,-0.107326698024068,0.224347195750147,-0.427408026700847,0.2030608309507,0.403182977851355,-0.403182977851355,-1.00932925597139,1.00932925597139,4.80978651023078
228,0.0483481815024036,-0.0483481815024036,-0.0224190965476205,-0.236384536705036,0.258803633252657,0.652231031311993,-1.06227067402041,0.41003964270841,0.822548076099537,-0.822548076099537,-1.13934473626007,1.13934473626007,5.88421553603871
230,-0.256568626086957,0.256568626086957,-0.0838189619015053,0.0886687847996103,-0.00484982289810494,0.700635176058897,-1.13369198041077,0.433056804351874,0.28809074609728,-0.28809074609728,-1.17203111271839,1.17203111271839,4.92883109984395
231,-0.472029063389021,0.472029063389021,-0.0921802230655012,-0.302679298776347,0.394859521841849,0.992708734255252,-0.871535621600009,-0.121173112655241,0.125731126958836,-0.125731126958836,-1.07350155380906,1.07350155380906,5.10233374385366
232,0.255583701442349,-0.255583701442349,0.134654789989205,-0.648581311904999,0.513926521915794,0.881478678463035,-1.10571649559441,0.224237817131372,0.105199875773575,-0.105199875773575,-0.408972285098506,0.408972285098506,5.94998983505537
233,0.0510429614294934,-0.0510429614294934,0.129667160388413,-0.492268476775551,0.362601316387138,0.546777869931313,-1.22874365048363,0.681965780552321,-0.0186578315011029,0.0186578315011029,-1.05966580249508,1.05966580249508,6.71436302058205
234,0.0183351249918142,-0.0183351249918142,0.565278428997647,-0.448445133432801,-0.116833295564848,0.680956077982098,-0.9329764388425,0.252020360860401,0.746416234923237,-0.746416234923237,-1.02196912756517,1.02196912756517,5.09487045500825
235,-0.451165781122955,0.451165781122955,-0.454936940344946,-0.064911387911642,0.519848328256587,0.684190848365843,-0.760331120117254,0.0761402717514124,0.0434609609677811,-0.0434609609677811,-0.996144633362046,0.996144633362046,7.31025043417809
236,-0.392959554989251,0.392959554989251,0.559578503304357,-0.50616002574917,-0.0534184775551868,0.692786048528066,-0.522378889866251,-0.170407158661815,0.143397239931471,-0.143397239931471,-0.847907854543317,0.847907854543317,6.07636646283437
237,-0.409935897815266,0.409935897815266,-0.150605323513711,-0.418142196526768,0.568747520040478,0.284248393043011,-0.749909272656333,0.465660879613322,-0.504585865826654,0.504585865826654,-0.97237489870409,0.97237489870409,6.32531152764103
238,0.333352451036875,-0.333352451036875,-0.668851223347662,0.493970941499106,0.174880281848556,0.632732695819224,-1.04550937417777,0.412776678358545,0.261044372965887,-0.261044372965887,-1.11285164132647,1.11285164132647,6.19426044061524
239,-0.435829667540771,0.435829667540771,0.0660799942986945,0.0346117597665997,-0.100691754065294,0.679539629388043,-0.562229747459511,-0.117309881928533,0.428355267179613,-0.428355267179613,-0.889800013183629,0.889800013183629,6.38711568420353
240,0.0430735767835612,-0.0430735767835612,0.653163800549755,-0.449934180976618,-0.203229619573137,0.506010713546356,-0.70326669164398,0.197255978097624,0.401137632500195,-0.401137632500195,-0.962749374050396,0.962749374050396,6.81763747874679
241,-0.486254498086235,0.486254498086235,0.312377008861332,-0.56468562066558,0.252308611804248,1.07716132074703,-1.32291663319983,0.245755312452801,0.0746001100242898,-0.0746001100242898,-1.03787520111584,1.03787520111584,6.48719351415256
242,0.05542671502896,-0.05542671502896,-0.279584254229026,0.141673785818756,0.13791046841027,-0.0763372567255206,-0.085810523851917,0.162147780577438,0.117652226500849,-0.117652226500849,0.624091144373752,-0.624091144373752,3.6590032862674
243,-0.0488508950040148,0.0488508950040148,-0.657617481129093,0.267669913797386,0.389947567331706,0.718058900776371,-0.802240425717538,0.0841815249411637,-0.402071275213218,0.402071275213218,-0.966301055877591,0.966301055877591,6.06699138511786
245,-0.349097805196228,0.349097805196228,-0.0571781189858694,-0.00907615978418884,0.0662542787700582,0.701347868919401,-0.627455580373537,-0.0738922885458658,0.829872627511012,-0.829872627511012,-1.07504068605179,1.07504068605179,4.25148382432768
246,-0.231503321954585,0.231503321954585,0.424156695576307,0.102044347362799,-0.526201042939108,1.36704916277873,-0.71815124150652,-0.648897921272208,0.805930153383755,-0.805930153383755,-1.0265406567225,1.0265406567225,3.67864951232615
247,-0.263033705292095,0.263033705292095,0.684066109893481,-0.564537539579067,-0.119528570314414,0.432500583347952,-1.06223047550495,0.629729892157001,0.511677426231346,-0.511677426231346,-1.03689702856314,1.03689702856314,6.11631493007795
248,0.0568862432978617,-0.0568862432978617,-0.150464300481948,-0.244859593436071,0.395323893918018,1.25799674349277,-1.12607966497303,-0.131917078519736,-0.109858925370481,0.109858925370481,-1.08176944567273,1.08176944567273,6.73611983342392
249,0.302795427441932,-0.302795427441932,-0.0877153583919856,-0.191219840109748,0.278935198501734,0.621832971701444,-0.868783369689622,0.246950397988179,-0.0108005901921884,0.0108005901921884,-1.03893753526077,1.03893753526077,6.29088630132898
250,-0.1479469236751,0.1479469236751,0.066828039030378,-0.169680458798231,0.102852419767853,0.472828087847245,-0.760514357683583,0.287686269836338,0.113645545901573,-0.113645545901573,-0.973729612420239,0.973729612420239,7.6363772202102
251,-0.0574950315423504,0.0574950315423504,-0.269925686789255,0.088917072329584,0.181008614459671,0.0443553458918921,-0.343468496587817,0.299113150695925,0.467332051374099,-0.467332051374099,-1.0374156367777,1.0374156367777,5.78878446720966
252,-0.0716553430558861,0.0716553430558861,0.054890000435427,0.286699933923804,-0.34158993435923,0.696212930386297,-0.927732815251187,0.231519884864888,-0.00860726937012921,0.00860726937012921,0.180785292609669,-0.180785292609669,5.20855933640591
253,-0.39617343306948,0.39617343306948,-0.0505020830360202,0.075679828403753,-0.0251777453677329,0.683904950344326,-0.069303643186192,-0.614601307158133,0.639742193911281,-0.639742193911281,-0.846511563938974,0.846511563938974,5.35030619219865
254,-0.180520656764095,0.180520656764095,-0.116091972109286,0.0356558467083866,0.080436125400899,0.731302369417083,-0.908056184824041,0.176753815406957,-0.0581014600308414,0.0581014600308414,-0.991228212727874,0.991228212727874,7.65175571760677
256,0.254883256494762,-0.254883256494762,0.102194140845341,-0.089637494624095,-0.0125566462212459,0.599340525897042,-0.777759871659058,0.178419345762014,0.437900462430361,-0.437900462430361,-0.94658068593205,0.94658068593205,6.8549176403524
258,-0.189785306734621,0.189785306734621,-0.199224419260904,0.119660227067379,0.0795641921935253,0.371199284087097,-0.705254158894881,0.334054874807785,0.609827333739071,-0.609827333739071,-1.1140908711957,1.1140908711957,4.60830109012671
259,-0.329895394110269,0.329895394110269,-0.389225789459302,-0.311908420815437,0.70113421027474,0.848470020871002,-0.670142437320608,-0.178327583550393,0.173997388218702,-0.173997388218702,-1.03781488015739,1.03781488015739,6.20686745862094
260,-0.119764375986642,0.119764375986642,-0.0526520501472647,-0.295646744131232,0.348298794278498,0.58508161698547,-1.16539565172386,0.580314034738385,-0.425512805715469,0.425512805715469,-1.18015531086218,1.18015531086218,5.63523095740909
261,-0.376181423369074,0.376181423369074,0.701915132670252,-0.615414738883753,-0.0865003937864988,0.671993662842027,-0.81145096409375,0.139457301251723,0.24988971965282,-0.24988971965282,-0.0708444723156268,0.0708444723156268,6.80895543106233
263,-0.385388762258084,0.385388762258084,-0.0921051385391288,-0.655988413033067,0.748093551572197,0.335202082430581,-0.989006604611458,0.653804522180877,0.102014365149596,-0.102014365149596,-1.05113127812529,1.05113127812529,6.48112389827635
264,0.176323135184468,-0.176323135184468,0.0406832054216456,0.125280754906015,-0.165963960327661,0.23349550142268,-0.291201663239299,0.0577061618166185,-0.318205394038407,0.318205394038407,-0.207228358458115,0.207228358458115,5.39461644293922
265,-0.204982926886917,0.204982926886917,0.38604560252585,-0.354640417585424,-0.0314051849404246,0.0554211178667222,-0.4731938399919,0.417772722125178,0.240741759755109,-0.240741759755109,-1.07992343303032,1.07992343303032,4.75630094451717
266,0.166414353815278,-0.166414353815278,0.458764191960444,-0.146441172273817,-0.312323019686626,0.386499954332695,-0.995822225910349,0.609322271577657,-0.126757632942156,0.126757632942156,-0.938676634848269,0.938676634848269,6.20624487975437
267,0.500918478656744,-0.500918478656744,-0.6316096027795,0.741742820283751,-0.110133217504251,0.411850755056077,-0.275571420788387,-0.136279334267691,0.00755525897529253,-0.00755525897529253,-0.974991312192474,0.974991312192474,4.76886794628362
268,0.0390162421068772,-0.0390162421068772,-0.197097075141747,0.326503913572137,-0.129406838430391,0.290631400677593,0.26400747421356,-0.554638874891152,-0.0426915090042848,0.0426915090042848,-0.211821318578266,0.211821318578266,3.9965615700075
269,-0.553085977164184,0.553085977164184,0.282289516352879,-0.409911261827572,0.127621745474693,0.390139254172508,-0.709701578936913,0.319562324764406,0.0156820215769425,-0.0156820215769425,-0.90327837558979,0.90327837558979,6.06355373868537
270,-0.36320064946285,0.36320064946285,0.131267183227678,0.272156214870768,-0.403423398098447,0.909485198994618,-1.10268459126701,0.193199392272388,0.546856273575592,-0.546856273575592,-1.06794885863373,1.06794885863373,4.03936441176438
271,0.0603067146527855,-0.0603067146527855,0.00588946425922464,-0.335726165461852,0.329836701202628,0.649776522706758,-0.340409049513932,-0.309367473192827,0.310621446658988,-0.310621446658988,-0.864812676164531,0.864812676164531,6.91790679760644
272,-0.182045221222554,0.182045221222554,-0.311061777387004,0.245888836252112,0.0651729411348922,0.657788475375773,-0.611601652082334,-0.0461868232934394,0.00189278667275775,-0.00189278667275775,-0.125402604376612,0.125402604376612,5.12872894981838
273,-0.0966483127000858,0.0966483127000858,0.139288464353541,-0.262181057381268,0.122892593027726,0.415752180289243,-1.22483572023341,0.80908353994417,0.367755862422069,-0.367755862422069,-1.11258864891209,1.11258864891209,5.53879896102512
274,0.0960695507168009,-0.0960695507168009,-0.402990398714966,0.44086532921257,-0.0378749304976054,0.49348700400198,-1.11509501383996,0.621608009837979,0.295982415147803,-0.295982415147803,-1.12692919240622,1.12692919240622,6.25436182179309
275,-0.200034956785254,0.200034956785254,0.0646919686304321,-0.441077056979588,0.376385088349155,0.518654698395456,-0.871298874644744,0.35264417624929,0.354339917353605,-0.354339917353605,-1.07958890607376,1.07958890607376,7.47084223477887
276,-0.0151463711312497,0.0151463711312497,-0.1549159925644,-0.405595150311326,0.560511142875725,0.486941778294926,-0.39211433608267,-0.0948274422122544,0.132251936681154,-0.132251936681154,-0.160896627993351,0.160896627993351,5.10022717439214
277,0.614833363877379,-0.614833363877379,0.0897448049402843,0.0434279262626356,-0.13317273120292,0.799371791555629,-0.674821110192752,-0.124550681362876,0.350492671108835,-0.350492671108835,-1.10504717042526,1.10504717042526,5.04386069069725
279,-0.0876611204404047,0.0876611204404047,0.402665942446207,-0.329380190075654,-0.0732857523705535,0.857907606960139,-1.15075940634803,0.292851799387884,-0.158859418102664,0.158859418102664,-0.976916488394683,0.976916488394683,6.42714188327734
280,0.250013251730064,-0.250013251730064,-0.0381057373688537,-0.30062848197176,0.338734219340614,0.557248807932515,-1.15012237928079,0.59287357134828,-0.103929530540918,0.103929530540918,-1.07355125202291,1.07355125202291,6.6614496192246
281,0.0383937041117899,-0.0383937041117899,0.400680078209952,-0.815766743882092,0.415086665672139,0.535571836563358,-0.665891510018088,0.130319673454731,0.376568077642552,-0.376568077642552,-1.04820820551805,1.04820820551805,6.48578070562236
282,-0.0105164164747751,0.0105164164747751,0.225079204186437,-0.585016593685574,0.359937389499136,0.373682731931651,-1.17739370952296,0.803710977591309,0.230500410254508,-0.230500410254508,-1.04320561376852,1.04320561376852,4.79862133059371
283,0.0291144017711487,-0.0291144017711487,-0.263553756182619,0.0613116196705005,0.202242136512119,0.702460643081898,-0.545937014670905,-0.156523628410994,-0.502950753284481,0.502950753284481,-0.8791360823586,0.8791360823586,6.185979611967
284,-0.231040972402036,0.231040972402036,0.102837591106948,-0.0744642952142319,-0.0283732958927159,0.677871840256612,-1.09962225085483,0.421750410598214,0.0455700259652208,-0.0455700259652208,0.0417021778059587,-0.0417021778059587,7.30041388455469
285,-0.174366654033308,0.174366654033308,0.491233649818163,-0.547307398413218,0.0560737485950539,0.837817286057937,-1.33135724055442,0.493539954496481,0.175338818985892,-0.175338818985892,-0.93364969366419,0.93364969366419,6.59933968180935
286,0.186852658020267,-0.186852658020267,0.357542294166314,-0.160901434268913,-0.196640859897401,0.358958851366153,-0.702595372775085,0.343636521408932,0.331734785185858,-0.331734785185858,-0.994383691074296,0.994383691074296,5.87663534430029
287,0.234264643156884,-0.234264643156884,0.0445924851422741,-0.703268244357788,0.658675759215514,1.1904881257801,-0.838835529525682,-0.351652596254416,0.59525070899166,-0.59525070899166,-1.16963783272366,1.16963783272366,5.06311318509732
288,-0.121580413403899,0.121580413403899,-0.771794312948895,0.295636188245437,0.476158124703455,-0.225772700971088,-0.18441415688535,0.410186857856438,-0.26471011143487,0.26471011143487,-1.0331440716535,1.0331440716535,5.84265837625972
289,-0.0586365684512871,0.0586365684512871,-0.119849241960615,0.219461146497681,-0.0996119045370655,0.0151250120973947,-0.131332648308561,0.116207636211166,0.0804680079802716,-0.0804680079802716,0.436375769804007,-0.436375769804007,4.22394297705192
290,-0.49372062199759,0.49372062199759,0.400917911102085,-0.614151718481307,0.213233807379224,1.03193096077413,-1.12285159931639,0.0909206385422509,0.250660179168039,-0.250660179168039,-1.11161267668646,1.11161267668646,5.68526668244583
291,-0.145150870289276,0.145150870289276,-0.132019652981055,0.221547562751866,-0.0895279097708106,1.34545569022567,-1.22239577137819,-0.123059918847482,-0.0150485200535504,0.0150485200535504,-1.1282046080859,1.1282046080859,4.26536190670291
292,-0.528510728925384,0.528510728925384,-0.00702686257679703,-0.0636636750926419,0.0706905376694389,0.683720018813839,-1.12172161914693,0.438001600333088,0.00183881927183457,-0.00183881927183457,-0.907115582941176,0.907115582941176,7.0705053118529
293,-0.0569493633933775,0.0569493633933775,-0.132707840939675,-0.0407544467143134,0.173462287653989,0.953177854573524,-0.806115633935428,-0.147062220638097,0.00954199276098974,-0.00954199276098974,-0.150926537245286,0.150926537245286,6.64065254073198
294,-0.08969778843651,0.08969778843651,0.168610178872548,-0.244343853521839,0.0757336746492906,0.372751842798865,-1.01785233870871,0.645100495909851,-0.0419816629639172,0.0419816629639172,-1.04148712777306,1.04148712777306,6.10089844169905
295,-0.265749688349753,0.265749688349753,-0.0915431192187206,0.0253550043033692,0.0661881149153509,0.55156269400261,-0.812129643565315,0.260566949562705,0.0200503230043332,-0.0200503230043332,-0.969849187407314,0.969849187407314,7.77010194339546
296,-0.387497345670855,0.387497345670855,0.763672783532488,-0.652493662100316,-0.111179121432172,0.980548873324237,-0.905164840449514,-0.0753840328747244,0.362706768347569,-0.362706768347569,-0.969434437530996,0.969434437530996,6.58268044015531
297,0.238114547247017,-0.238114547247017,0.436959376564639,-0.474471855858142,0.0375124792935031,0.611026222504974,-0.599024500646817,-0.0120017218581565,0.316118103984175,-0.316118103984175,-0.916654604536537,0.916654604536537,6.95431728411698
298,0.424921545329907,-0.424921545329907,0.264263669940025,-0.194501436827813,-0.0697622331122116,0.90317482732597,-0.785191597681134,-0.117983229644838,0.894604343868338,-0.894604343868338,-1.00710616621209,1.00710616621209,5.91845792116443
299,-0.0245483128518342,0.0245483128518342,0.120857240248467,-0.537957843154281,0.417100602905813,0.358729139451871,-0.90442143284727,0.545692293395397,-0.0311915730516589,0.0311915730516589,-1.03230488038838,1.03230488038838,6.76965121412472
301,0.147878325727579,-0.147878325727579,0.292348402976987,-0.059511967465021,-0.232836435511966,0.325393519599177,-0.171597986627327,-0.153795532971851,0.549090115480682,-0.549090115480682,-0.364586912532878,0.364586912532878,3.95215920280189
302,-0.383348358317234,0.383348358317234,0.287823589978337,-0.232369552461879,-0.0554540375164575,0.252523227104032,-0.297599410683288,0.0450761835792557,0.440006730627327,-0.440006730627327,-0.835931208125301,0.835931208125301,7.143150568483
303,-0.300139418985277,0.300139418985277,-0.288825300084076,-0.432328448424472,0.721153748508549,0.52630964260269,-0.618232656836568,0.0919230142338786,0.385846409693723,-0.385846409693723,-1.04951357361277,1.04951357361277,6.69750995971518
304,0.197957549969486,-0.197957549969486,-0.0760681365554297,0.0819437612094191,-0.00587562465398935,0.869889638668955,-1.43332640299403,0.563436764325067,0.0559957262650502,-0.0559957262650502,-1.14917491539542,1.14917491539542,6.16355441048294
305,0.133476441306513,-0.133476441306513,-0.276895023859914,0.463487401414345,-0.186592377554432,0.811393527519068,-1.21621966999613,0.404826142477065,0.529803300996633,-0.529803300996633,-1.12747943288069,1.12747943288069,5.06411841803895
306,0.0698985043167823,-0.0698985043167823,0.131865769012143,-0.501614878834638,0.369749109822494,0.85514762649512,-0.783429584082897,-0.0717180424122253,0.629139327360285,-0.629139327360285,-0.165321744668559,0.165321744668559,4.64720896721589
307,0.0560013992747321,-0.0560013992747321,0.762911543960448,-0.937486217471358,0.174574673510909,0.907369120302282,-1.07590851754184,0.16853939723956,0.471264244685779,-0.471264244685779,-0.968410235172352,0.968410235172352,6.0590481654955
308,0.0385738363364306,-0.0385738363364306,-0.0692952531407396,-0.263236688134851,0.33253194127559,0.406788213000344,-0.462367886867158,0.055579673866814,0.410139209988937,-0.410139209988937,-0.940430712211342,0.940430712211342,7.2329254800155
309,0.0153649589073785,-0.0153649589073785,-0.570052722107368,0.26122276594567,0.308829956161699,0.260331253713155,-0.66622302472491,0.405891771011754,0.530426412456439,-0.530426412456439,-1.08222792801525,1.08222792801525,5.03631604928213
310,-0.168153510370575,0.168153510370575,0.177818021454277,-0.329384066113692,0.151566044659415,0.470940637194744,-1.13973720002468,0.668796562829933,0.388770734427312,-0.388770734427312,-1.14694968103631,1.14694968103631,5.78070204248302
311,0.176638676065906,-0.176638676065906,0.962379403101052,-0.951473322617951,-0.010906080483099,0.95016944990518,-1.06723462629851,0.117065176393328,0.156146987243346,-0.156146987243346,-0.925513285479586,0.925513285479586,6.59313689914606
312,0.285968345905694,-0.285968345905694,0.454815201100513,-0.0503714198300283,-0.404443781270485,0.521455098343466,-0.509422113562134,-0.0120329847813327,0.569581750443035,-0.569581750443035,0.32428196229663,-0.32428196229663,4.8358687559515
313,-0.0559517119308668,0.0559517119308668,-0.379535817485068,0.107716269402381,0.271819548082685,0.428139444471102,-0.659705460159048,0.231566015687948,-0.214967044397754,0.214967044397754,-0.19244878181883,0.19244878181883,7.19562433354921
314,0.279470878467002,-0.279470878467002,0.677830963284264,-0.701213207735058,0.0233822444507942,1.05649797187721,-1.20944031616372,0.152942344286513,0.459011989749355,-0.459011989749355,-1.17315167537706,1.17315167537706,5.27191380641474
